published_at,description
2016-05-07,"등운동 1st video making(스모 데드리프트 180kg) sumo deadlift데드리프트(180kg 1rm 도전)

의자에 기대고 편히 즐기세요"
2016-05-08,스모데드리프트  (sumo deadlifts) 02스모데드리프트 영상
2016-05-09,"body transformation without diet in 3months3 months natural body transformation without diet.

subscribe and thumbs up!"
2016-05-12,"sixpackshortcuts (스쿼트, 어깨운동, 일상) 05some talk & workouts
squats, shoulder press!"
2016-05-16,"all round workouts (전신운동) 07sit back and enjoy this video
subscribe & thumbs up please!"
2016-05-18,"a new day begins(deadlifts, 브이로그) 데드리프트고시공부, 운동 (workouts, studying)
구독 & 좋아요/ subscribe & thumbs up please!"
2016-05-19,가슴운동 (chest day) 08 physique update!bench press/  physique update
2016-05-21,스쿼트 하는 법. 몸상태(how to squat!) 09how to squat!
2016-05-25,"i made it(judo competition) 동아리 유도대회 우승!유도 단체전 정리 영상. 
운동영상은 이틀 내로 올릴게요^^"
2016-05-27,"하체, 어깨 운동 루틴(스쿼트, 숄더프레스) 경희대고시생활 ep. 01공부 & 운동 함께.
오늘의 운동 : 하체 & 어깨."
2016-05-28,"가슴운동 루틴(벤치프레스) 경희대고시생활 ep 02가슴운동 루틴!
좋아요 & 구독하기"
2016-05-29,"실패해도 괜찮아(데드리프트) 경희대고시생활 ep 03등 허리 운동 루틴!
좋아요 & 구독하기"
2016-05-31,"영상은 왜?!(하체, 어깨 운동) squat 경희대고시생활 ep 04스쿼트 & 숄더프레스(squat & shoulder press)
좋아요 & 구독하기"
2016-06-01,"sumo deadlifts(408lbs/185kg )(데드리프트) 경희대고시생활 ep 06sumo deadlifts 408lbs challenge
좋아요 & 구독하기! sub & thumbs up!"
2016-06-01,"위험순간(스쿼트 & 어깨) 경희대고시생활 ep 05the dangerous moment!
좋아요 & 구독하기!"
2016-06-02,"간단한 턱걸이(just pullups) 경희대고시생활 ep 07운동하루 쉬고 턱걸이 했어요
좋아요 & 구독! 
오늘도 화이팅."
2016-06-05,"chestday(가슴운동), physique updates 경희대고시생활 ep 08benchpress(가슴운동 하는 날!)
sub & thumbs up!"
2016-06-06,"일요일 허리, 하체 강화!(sunday workouts) 경희대고시생활 ep 09sunday deadlifts & squats.
데드리프트 & 스쿼트(6월 5일)"
2016-06-07,"유도 훈련(경희대학교) judo team 고시생활 ep 11경희대학교 유도 동아리 훈련, kw lee"
2016-06-07,"초고속 가슴운동!(급할 때) 경희대고시생활 ep 10급할 때 30분 내로 할 수 있는 
가슴운동 꿀팁!"
2016-06-08,"어깨 운동 배우기(어깨, 하체) leg, shoulder 경희대 고시생활 ep 12밀리터리프레스, 스쿼트
좋아요 & 구독/ sub & thumbs up!"
2016-06-09,"브이로그, deadlifts(허리운동 단 한가지) 5x5 training 경희대고시생활 ep13허리 운동 단 한가지 - 데드리프트(deadlifts)
등운동 단 한가지 - 턱걸이(풀업)"
2016-06-11,"캡틴아메리카 어깨 프로젝트(leg, shoulder) 경희대고시생활 ep 14하체, 어깨 운동!
좋아요 & 구독 해주세요 :d"
2016-06-12,"헐크 등근육 프로젝트(back workouts) 경희대고시생활 ep16헐크 등근육 프로젝트
좋아요 & 구독!"
2016-06-12,"토르 가슴 만들기(갑빠프로젝트)chestday 경희대고시생활 ep15토르 가슴 만들기!!!
좋아요&구독!"
2016-06-14,"걱정말아요 그대(하체, 어깨 운동) squat session 경희대고시생활 ep17스쿼트(squats) & 숄더 프레스(shoulder press) 운동 루틴
지금까지 잘 해왔던 것처럼, 우리는 해낼 수 있습니다."
2016-06-15,"인바디 측정(check the middle) 경희대 고시생활 ep19인바디 검사! 등,허리, 하체 운동!(squats & deadlifts party)
좋아요 & 구독! (sub & thumbs up!)"
2016-06-15,"여름 대비 가슴운동(summer workouts) 경희대고시생활 ep18여름 대비 가슴 운동! workouts for summer
좋아요 & 구독! sub & thumbs up!"
2016-06-17,"캡틴아메리카 어깨 만들기(ohp) 경희대고시생활 ep20어깨 운동루틴!
sub & thumbs up! 좋아요 & 구독하기!"
2016-06-18,"보고싶다(가슴운동)chestday 경희대 고시생활 ep21가슴운동 루틴!
벤치프레스(bench press) , 행잉레그레이즈 (hanging leg raises)"
2016-06-19,"캡틴아메리카 등운동(back workouts, 브이로그) 경희대고시생활 ep22등만들기 프로젝트
좋아요 & 구독! sub & thumbs up!"
2016-06-21,"바디체크, 스쿼트(leg day) 경희대고시생활 ep23인터벌 훈련, 스쿼트, 어깨 운동 루틴
좋아요 & 구독 sub & thumbs up!"
2016-06-22,"먹으면서 살빼기(가슴운동) chestday 경희대고시생활 ep24요요없이 다이어트 하기!
좋아요 &구독!! kw lee"
2016-06-23,"눈바디(중간점검) 하체, 어깨운동(squat, ohp) 경희대고시생활 ep 26before & after 영상 만들기 10일 전! 중간 눈바디 점검 입니다.
운동은 하체와 어깨를 했어요! 좋아요 & 구독! sub & thumbs up!"
2016-06-23,"등운동 이것만은 꼭(back workouts)  경희대고시생활 ep 25등운동 이것만 해도 충분 합니다!
좋아요 & 구독 sub & thumbs up!"
2016-06-24,"맨몸운동루틴(머슬업, 푸쉬업, 턱걸이, 복근) 경희대 고시생활 ep 27맨몸 운동 이렇게만 하자!
홈트 루틴, 맨몸 루틴
푸쉬업, 머슬업, 인터벌, 달리기, 복근
좋아요 & 구독!!!"
2016-06-26,"어깨운동 루틴(squat, ohp) 경희대 고시생활 ep29어깨운동 루틴과 스콰트 루틴을 다뤘어요.
좋아요 & 구독 ! sub & thumbs up! 댓글 남겨주세요"
2016-06-26,"캡틴아메리카 등운동2(back workouts) 경희대고시생활 ep28등과 허리 운동 루틴입니다!!
좋아요&구독! 댓글 남겨주세요 ㅎㅎㅎ"
2016-06-29,"가슴, 허리, 하체 3일 운동 루틴(all round workouts) 경희대고시생활 ep 303일 동안 진행한 3분할 운동 루틴!
좋아요 & 구독!!"
2016-07-02,"3대중량!  my new pr at b.w(74kg) - 465.3kg 스트렝스 훈련3대중량 새로운 기록!(개인 기록)
deadlift : 192.8kg squat : 160kg benchpress : 110kg
고중량 저반복
저는 3대운동을 위주로 훈련을 진행하고 있고 현재는 매드카우 프로그램을 수행중입니다!
스트렝스 강화에 초점을 맞춰 운동을 하고 있으나 시간적 여유가 있을 때에는 자극 운동도 함께 합니다. 모두 득근하시길 바랍니다!!!! ㅎㅎㅎ  - "
2016-07-03,"헐크 등근육 만들기 해볼까요?등운동 루틴!!!
좋아요 & 구독하기! 댓글 남겨주세요"
2016-07-05,"하체, 어깨 운동 루틴 (leg, shoulder) 여름방학 ep 02스쿼트, 오버헤드 프레스 루틴입니다.
무게를 조절해서 순서 따라하시면 돼요 :d"
2016-07-07,"등운동 루틴(스트렝스 & 자극) 여름방학 ep 04등,허리 운동 루틴입니다. 스트렝스와 자극 모두에 초점을 맞춘
루틴이에요. 무게는 개인 스트렝스에 맞게 조절하시면 됩니다!
-운동 루틴
데드리프트 deadlift
60kg 10회 / 100kg 5회 / 140kg 3회 / 160kg 1회 / 180kg 1회

데드리프트 메인 훈련
140kg 5회 x 5세트

랫풀다운 10회 4세트
바벨로우 10회 4세트
케이블로우 10회 4세트"
2016-07-07,"30분 완성 가슴 운동(급할 때!) 여름방학 ep 03스트렝스와 자극 모두 챙길 수 있는
30분 완성 가슴 운동!
좋아요 & 구독!!"
2016-07-10,"꼭 챙겨야 될 가슴 루틴! 여름방학 ep 06근력 강화에 매우 도움 되는 가슴운동 루틴!

 kw lee

구독 & 좋아요 :d"
2016-07-12,"닭가슴살을 맛있게!(등,허리 운동) 여름방학 ep 07닭가슴살 레시피!
그리고 등, 허리 운동 루틴!

좋아요 & 구독!!"
2016-07-13,"강철어깨 장착하기(leg & shoulder) 여름방학 ep 08하체 스쿼트 루틴과
어깨 운동 밀리터리프레스와 래터럴레이즈 루틴을 담았습니다.

댓글 남겨주시고 좋아요 & 구독!!"
2016-07-14,"등짝을 더 넓게(backworkouts) 여름방학 ep 09등허리 운동에 관한 루틴
데드리프트를 위주로 한 스트렝스 훈련
그리고 자극 운동들."
2016-07-14,"벤치프레스 스트렝스증가 루틴, 여름방학 ep 09벤치프레스 스트렝스훈련 루틴과 하이바와 로우바 스쿼트의 자세 비교.
좋아요 & 구독 하세요!"
2016-07-16,"하이바 스쿼트 팁! (그리고 어깨 운동 팁) 여름방학 ep 10하이바 스쿼트 팁과 어깨운동 팁을 담았습니다.
여름방학 에피소드 ep10
벌써 4분의 1이 지난 여름방학..... 조금 더 힘을 냅시다!"
2016-07-18,"등운동 해보자(가슴 & 등 운동) 여름방학 ep11데드리프트 스트렝스 훈련과 
벤치프레스 스트렝스 훈련을 담았습니다.
2일에 걸친 영상, 좋아요 & 구독 꼭!

노래 : stephen - remembering myself"
2016-07-19,"하체운동 루틴(어깨) 여름방학 ep 12하체운동과 어깨운동 루틴 함께!
스트렝스 강화 훈련 루틴입니다!
좋아요 & 구독하기!"
2016-07-20,"초간단 가슴운동(스트렝스 강화) 여름방학 ep13스트렝스 강화하는 초간단 가슴운동 루틴!
시간 없을 때 따라할 수 있는 초,중급자를 위한 루틴!

좋아요 & 구독! 그리고 댓글 남겨주세요
kw lee"
2016-07-21,"쉬울 리가 없지...(등운동 루틴) 여름방학 ep 14데드리프트 1rm 도전!
그리고 등운동 루틴

좋아요 & 구독은 큰 힘이 됩니다!"
2016-07-22,"스쿼트 강화 루틴!(어깨포함) 여름방학 ep 15스쿼트 밀리터리프레스 강화 루틴 입니다 ㅎㅎ
득근하세요!
좋아요 & 구독 그리고 댓글까지!"
2016-07-23,"비포애프터 5개월 후, 10kg 감량식단 조절 없는 다이어트자극! 전후공개
5개월 몸 상태 변화! 다이어트 비법은 채널에 있습니다!
83kg~73kg 까지
체지방은 감량하였고 근육량은 거의 그대로 유지하였습니다.
남자 헬스 몸 변화
 -  리프팅

스쿼트, 데드리프트, 벤치프레스를 주 운동으로 하여 진행하였습니다 / 3대운동 위주
그리고 현재는 파워리프팅을 즐겨 하고 있습니다.(스트렝스 프로그램)
5kg빼는법, 10kg 감량"
2016-07-24,"하루에 모든 운동을!(벤치, 스쾃, 풀) 여름방학 ep 16주말을 이용해 하루에 모든 운동을!
강도는 약하게 대신 전체적으로!!!"
2016-07-26,"몸상태 업데이트! 번외편영상편집이 늦어지고 있습니다!ㅜㅜ
7월27일 저녁까지 하체어깨 루틴과 등허리 루틴
함께 올릴게요!!"
2016-07-27,"하체를 강하게(어깨 포함) 여름방학 ep 17하체와 어깨 스트렝스 강화 훈련 입니다!
무게는 자신에게 맞게 선택해서
따라하시면 됩니다!
 운동은 간단할수록, 더 큰 효과를 내기 마련입니다 ㅎㅎ"
2016-07-28,"등짝 넓히기!(데드리프트 위주) 여름방학 ep 18등짝을 넓히는 운동 루틴! 
벌써 여름방학 ep18입니다 ㅎㅎ 조금더 모두 화이팅해요"
2016-07-29,"3대 운동이란?! (하체, 어깨운동 루틴) 몸 변화를 위하여 여름방학 ep19몸 변화를 위한 3대 운동 훈련법에 대한 개괄, 그리고 하체어깨 운동 루틴에 대하여!
스트렝스 강화 3대중량을 함께 훈련해요, 스쿼트, 벤치프레스, 데드리프트(컨벤셔널, 스모), 고중량
여름방학 ep19"
2016-07-30,"주짓수 도전기, 서두원 선수(가슴운동 루틴) 여름방학 ep.20주짓수 도전 영상입니다 ㅎㅎㅎ 실패로 끝이 났지만!
좋은 경험이었어요. 운동루틴은 가슴운동 올렸어요!"
2016-08-03,"가슴 커지는 법(벤치프레스 방법) 여름방학 ep 21스트렝스 위주의 훈련에서 자극 위주의 훈련으로
1달간 변화를 주려 합니다! 가끔의 변화는 오히려 몸의 발전을 이끄는 것 같아요 ㅎㅎㅎ

벤치프레스 자극 훈련(가슴운동방법, 가슴키우기)! 딥스, 케이블 훈련 포함
저는 3대운동 위주로 합니다!"
2016-08-04,"등 작살 루틴(backworkout routine) 여름방학 ep22등허리 자극 운동 루틴
깊이 집중하면 할수록 근육 수축의 긴장은 높아지고,
수축 긴장이 높아질수록 근육이 내는 힘은 강력하다고 합니다. 화이팅!"
2016-08-06,"데드리프트와 벤치프레스 개인기록 도전! 여름방학 ep 24데드리프트와 벤치프레스에 도전해봤어요
컨디션이 좋은 듯 안 좋은 듯, 수련이 더 필요한 시기입니다... ㅎㅎㅎ
모두 건강히 운동하세요!
데드리프트pr, 벤치프레스pr, 개인기록 도전"
2016-08-06,"말벅지 만들기(어깨운동 포함) 여름방학 ep23하체운동과 어깨운동 루틴에 대한 영상!
이번 영상에서는 스트렝스보다 자극운동에 초점을 맞췄습니다.
1~2주 간은 자극 운동에 계속 초점을 맞출 예정입니다 ㅎㅎ
좋아요 & 구독 부탁드려요!"
2016-08-08,"올림픽 우승기원 유도한판(배밀기100개도전) 여름방학 ep26오늘은 리프팅을 쉬고 유도에 집중했습니다!
안창림선수는 아쉽게도 졌지만 남은 선수들 모두 힘냈으면 좋겠어요.
여러분들 모두 득근하세요!"
2016-08-10,"의 역도 입문기 (스내치 위주) 여름방학 ep 27올림픽 시즌이기도 해서 역도에 한번 도전해봤어요!
앞으로는 3대운동 훈련 끝내고 마무리로 기술 연습하는 영상 함께 올리도록 할게요! ㅎㅎ 너무나 더운데 모두 득근하세요!"
2016-08-12,"가슴 커지는법 - 가슴 자극 운동(3대운동 집중) 여름방학 ep28가끔은 친구들과 놀면서! 
즐겁게 운동하는 것도 중요한 것 같아요
https://www.youtube.com/watch?v=qvaak__zpkk
영상에서 말한 앨런의 스내치 방법 영상 링크입니다!

가슴 집중 공략! (벤치프레스, 벤치프레스루틴)
저는 3대운동 위주로 운동합니다"
2016-08-13,"의 운동 콜라보(스퀏 개인기록(pr) 도전) 여름방학 ep29운동은 함께 할 때 시너지 효과가 발생하죠!
혼자서 하는 것도 매력적이지만 같이 하는 것 또한 즐거운 운동인 것 같아요. 이럴 때 오히려 기록이 잘 나오기도 하죠!
무더운 여름! 운동으로 풀어버립시다!"
2016-08-14,"맨몸 홈트루틴 (턱걸이, 푸쉬업)'s 맨몸운동 루틴입니다. 턱걸이랑 푸쉬업 루틴이고
자신의 몸에 맞게 변형 시켜서 해보세요!
확실히 맨몸운동은 시간을 더 필요로 합니다... 
맨몸운동을 메인트레이닝으로 삼지 마시고 가끔 일주에 한번 정도 해주는 게  좋을 것 같아요 ㅎㅎㅎ
턱걸이 기록 도전을 위하여!
-맨몸운동하는법, 홈트하는법, 맨몸,"
2016-08-15,"컨벤셔널 데드리프트 연습(하이바 스쿼트 연습 포함) 여름방학 ep 31컨벤셔널 데드와 하이바스퀏 연습 영상입니다!
제가 평소 스모데드와 로우바 스퀏을 해서 그런지
컨벤셔널과 하이바 스퀏 자세가 약합니다... 앞으로 클린,저크와 스내치 동작을 잘 수행하려면 컨벤자세와 하이바스퀏 자세가 익숙해야 하므로 계속 연습하려합니다! 여러분도 모두 화이팅 하세요!!"
2016-08-17,"'s 가슴박살 루틴(피라미드세트)& 일상(브이로그) 여름방학 ep33가슴운동, 즉 벤치프레스 피라미드 세트 루틴입니다!(자극위주, 자극운동) + 딥스, 케이블 플라이 운동
자신의 무게에 맞게 즐기며! 운동합시다 ㅎㅎㅎ
좋아요 & 구독 부탁드려요!(일상도 함께)

저는 3대운동 위주로 운동합니다"
2016-08-20,"가슴 운동 루틴 대공개(피라미드 세트), 브이로그 여름방학 ep34피라미드 세트로 구성된 가슴운동 루틴입니다! 
자신의 중량에 맞게 조절하여 수행하시면 강력한 가슴을 만들 수 있을 거예요 모두 득근, 열운 하세요!, 브이로그, 일상생활"
2016-08-21,"deadlifts party (데드리프트 파티) 여름방학 ep35데드리프트 파티 + 등 자극 운동
가끔 날잡고 데드리프트 파티 하는 것 어때요?!
다음에는 스쿼트 파티로 찾아올게요! - "
2016-08-23,"5x5x5 홈트 루틴(푸쉬업, 풀업, 스쿼트) 여름방학 ep36맨몸운동하는법
일주에 한 번! 홈트 하는 것도 좋습니다! ㅎㅎ
모두 홧팅!!
- 올림"
2016-08-24,"하체, 어깨 기본 운동 루틴(feat. 고양이용사) 스트렝스 훈련 │ 여름방학 ep37제가 가장 좋아하는, 간단하지만 폭발력있는 루틴입니다(하체와 어깨 기본 스트렝스 훈련)
풀스쿼트 & 오버헤드프레스(ohp 밀리터리프레스)
그리고 오프닝에 나오시는 분은 아프리카티비에서 음악방송 하시는
'bj 고양이용사' 님인데, 제  홍보도 해주시고! 음악도 너무 좋으셔서 여러분과 공유하고 싶어 소개해드려요! ㅎㅎ

저는 3대운동 위주로 운동하고 있고
가슴 / 등 허리 / 하체(스쿼트) 어깨(밀리터리프레스) 로 3분할 하고 있습니다."
2016-08-26,비오는 날(등 운동) 여름방학 ep38비가 옵니다! 날씨가 선선해졌어요 이제 운동을 강력하게 밀어붙일 때가 된 것 같아요 ㅎㅎㅎ 다음주부터 스트렝스 훈련 루틴으로 달려보겠습니다!
2016-08-28,"인터벌 & 맨몸 운동(홈트)  │ 여름방학 ep 40인터벌 10세트 그리고 맨몸운동 3세트(스파이더맨 푸쉬업, 버피, 홈트) , 하체와 상체 고루 발달시킬 수 있는 운동이니다.
요즘 살이 많이 찌고 있어서.... 다이어트를 위해 인터벌과 맨몸에 투자를 많이 하는 중입니다 ㅎㅎ 
그러나 이번주부터는 스트렝스 훈련을 시작하니! 기대해주세요
여름방학 ep40

장소는 경희대 평화의 전당입니다.(야외운동)"
2016-08-28,"홈트#3 & 브이로그(일상), 턱걸이 기록 │ 여름방학 ep39새로운 홈트 루틴!  버피 & 스쿼트 & 푸쉬업 의 조화(맨몸운동)
총 3세트로 구성되어 강도는 높게, 시간은 절약!(운동 시간 부족한 날에 시도해보세요)
간편운동, 간단운동!(strength)
그리고 일상을 많이 담아봤어요 ㅎㅎ"
2016-08-29,"madcow 스트렝스 훈련(벤치, 스쿼트, 로우) │ 여름방학 ep 41madcow 스트렝스 프로그램을 시작했습니다!
(초보에서 중급으로 넘어가는 분들을 위해 변형된 프로그램입니다)
크로스핏 하시는 분들이 많이들 이용하시더라구요 
저도 9주동안 진행하게 될텐데 이번 사이클을 무사히 마치면
더 강해지기를 바라며!

저는 3대운동 위주로 운동을 진행하며(3대중량 증가가 목표입니다 ㅎㅎ)
곁가지 운동들은 가끔씩 해주고 있습니다."
2016-08-31,"데드리프트, 스쿼트, 벤치프레스(스트렝스 증가루틴) 여름방학 ep최종스트렝스 증가 루틴 1주차 2일(1w1d) - 파워리프팅
스쿼트 : 60kg 5reps / 75kg 5reps/ 92.5kg 5reps/ 92.5kg 5reps
인클 벤치 : 40kg 5reps/ 50kg 5reps/ 60kg 5reps / 67.5kg 5reps
데드리프트 : 92.5kg 5reps / 112.5kg 5reps / 130kg 5reps / 150kg 5reps
크런치 3세트 25회"
2016-09-02,"초보자 스트렝스 루틴(무료 다운) 벤치프레스, 데드리프트, 스쿼트 strengthhttp://goo.gl/ez20go
무료 다운로드 입니다.(무료프로그램) for 파워리프팅
초보자 스트렝스 강화(하체운동)
헬스 초보자를 위한 스트렝스 증가 루틴입니다
위 링크를 통하여 다운로드 받으시면 됩니다(남자는 힘)
squat, deadlift, benchpress"
2016-09-02,"대학생활(스트렝스-strength 루틴 3일차) 파워리프팅 복학생 ep 01madcow 스트렝스 프로그램 3일차!(1w3d)
점점 난이도가 높아져만 갑니다... 모두 화이팅하세요!! (부상조심!!)
스쿼트, 데드리프트, 벤치프레스(파워리프팅 훈련)"
2016-09-05,"살찌는 중, 스트렝스 훈련(3대운동) │파워리프팅 복학생 ep02아침운동이 아직 적응이 안 됐어요... 그래도 운동 시작!
스쿼트, 벤치프레스, 로우 운동을 진행했습니다.(복근운동 포함)
이제 다이어트 식단을 슬슬...
(스트렝스 훈련 - 매드카우) 파워리프팅훈련"
2016-09-07,"3대운동 매드카우 스트렝스 훈련(아침운동 적응시기) 복학생 ep 03매드카우(madcow) 스트렝스 루틴 2주차 5일째입니다. (고중량 저반복 훈련)
스쿼트, 데드리프트,인클라인 벤치프레스(3대운동)을 하였고
데드리프트는 스모데드리프트로 진행하였습니다! 파워리프팅!!
150kg 으로 5회에 처음으로 성공했는데(개인기록) 3주차부터는 어찌 될지...
공복 운동이 적응되니 이제 괜찮아졌네요!
오늘도 운동 화이팅 하시고 좋아요 & 구독! 버튼 꼭 눌러주세요 ㅎㅎ"
2016-09-08,"운동 휴식, 강아지 목욕시키기!(대박이 출연)운동휴식하는 날, 대박이 목욕시킨 영상! 입니다 ㅎㅎ
대박이를 보고 싶어하시는 분들이 꽤 있어서
대박이가 주인공으로 출연합니다.  
자동으로 제 몸상태 업데이트도 되어버렸네요 !
운동은 없지만 시원한 마음으로 시청해주시면 감사드려요 :d

강아지 목욕시키는 법!"
2016-09-09,"3대운동, 스트렝스 훈련, 바디체크(몸상태 업데이트) 복학생ep04매드카우 2주차 6일 영상입니다. 스쿼트 로우 벤치프레스를 진행하여야 하는데 스쿼트 대신 자극운동 몇가지를 진행했고 버피앤점프까지 하였습니다 ㅎㅎㅎ (데드리프트는 하지 않았습니다)
3대운동으로하는 스트렝스 훈련이 전체적인 신체발달에 가장 중요하다는 것을 얼른 깨닫고! 효과적으로 천천히 운동해나가시기를 바랍니다! (squat, deadlift, benchpress)"
2016-09-11,"주말은 가볍게 맨몸운동(대학생활) 복학생ep05간단한 주말 영상! 입니다 ㅎㅎㅎ
스트렝스 훈련을 안 할 때는 이런 가벼운운동을 즐겨 하고 있습니다.
내일 있을 훈련을 위해 무리는 하지 않았습니다
버피 & 점프 : 3x10"
2016-09-12,"3대운동 스트렝스 훈련(데드리프트 개인기록) 복학생 ep06데드리프트 개인기록에 도전해봤습니다!(3대중량 현재 460kg)
운동영상은 3대운동 모두 다뤘고 벤치프레스, 스쿼트, 스모데드리프트 순으로 진행하였습니다.
스트렝스 훈련 마치고 근비대 훈련도 진행했습니다! 다음 영상에 함께 올리도록 할게요 ㅎㅎㅎ"
2016-09-14,"다이어트, 맨몸운동 루틴(홈트 루틴) 복학생 ep07다이어트를  위한 살빼는 맨몸운동 루틴!(홈트 루틴) 입니다.
추석이라 헬스장도 열지 않고 음식은 많이 먹고....
3대운동을 해야 하는데....(스트렝스)
이럴 때 유용히 활용할 수 있는 간단 루틴입니다.
턱걸이 3x10 / 버피테스트(버피앤점프) 3x10 / 걷기 30분
버피테스트 같은 경우에는 운동속도를 증가시키면 증가시킬수록 좋습니다!

bgm으로 노래 이용할 수 있게 허락해주신 mlizumi 님께 감사드립니다
dandan - zard(covered by mlizumi)"
2016-09-19,"가슴운동 루틴(스트렝스 & 근비대) 벤치프레스 복학생 ep08스트렝스와 근비대의 균형을 잡을 수 있는
가슴운동 루틴입니다. 
추가로 이두 운동과 스내치 연습을 담았습니다.
3대 운동 위주로 몸의 균형을 잡으면서 
운동하시길 바랍니다! (3대중량에 집착하지는 않으셔도 돼요 ㅎㅎ)"
2016-09-21,"데드리프트 자세, 데드리프트 하는법(how to deadlift)3대운동 중의 하나인 데드리프트를 따라할 수 있는 방법을 담은 영상입니다.(데드리프트영상)
더 디테일한 사항은 앞으로 천천히 담아서 편집해 볼게요!
우선 초보자 분들이 처음 데드리프트를 할 때 가장 저지르기 쉬운
몇가지 주의사항과 함께 올바른 데드리프트 방법에 대해서
설명을 담아봤습니다.(데드리프트 설명 영상)
데드리프트 자세!(3대운동)"
2016-09-22,"등 자극운동 팁(일상, 브이로그) 복학생 ep 09등운동 루틴에 대해 소개한 영상입니다!
간단한 루틴이므로 참고하시면 도움이 될 것 같습니다 ㅎㅎ
덤벨로우, 바벨로우, 랫풀다운, 티바로우, 풀업, 시티드로우

오늘 하루도 수고하셨고, 건강하게 운동합시다!"
2016-09-23,"어깨 운동법(밀리터리프레스) 복학생 ep10어깨운동루틴을 담았습니다.
추가로 간단한 하체 스쿼트 운동도 넣었습니다.
저는 스쿼트와 어깨 운동을 묶어서 진행하고 있는데
여러분도 따라해보세요 ㅎㅎ
어깨깡패 도전!"
2016-09-25,"간단한 맨몸운동 루틴(홈트 루틴) 복학생 ep12간단한 맨몸운동 루틴에 관한 영상입니다!
푸쉬업20 / 버피15 / 스쿼트15 를 1라운드로 총 5라운드 후에
딥스 15개씩 4세트를 했습니다!
걷기 30분도 했구요 ㅎㅎ
주말은 간단한 맨몸운동 해보세요!"
2016-09-25,"유도 경기 영상(경희대 유도부) 복학생 ep11유도 자유연습 영상을 담았습니다!
웨이트 트레이닝과 더불어 유도도 함께 훈련하고 있어서
신체 밸런스에 굉장히 도움이 많이 되는 것 같아요!"
2016-09-26,"벤치프레스 자세(벤치프레스 하는법) how to benchpress벤치프레스 자세 / 벤치프레스 하는법 / 벤치프레스 방법
how to benchpress
벤치프레스에 대한 질문이 있어서 영상 만들었습니다 ㅎㅎ 참고해주시면 감사해요!
(3대운동, 3대운동방법)"
2016-09-27,"월요일은 가슴운동(일상, 식단) 브이로그 복학생ep13가슴운동(벤치프레스) 루틴을 담았습니다. 간단하지만 강력한 루틴이고
따라하시기 편한 루틴이에요! 그리고 제가 먹은 식단들!도 함께
담았습니다 ㅎㅎㅎ 편하게 감사해주세요
운동루틴, 3대운동,"
2016-09-29,"등운동 루틴(back workout) 복학생 ep14간단한 등운동 루틴을 소개시켜드립니다 ㅎㅎ
등운동은 항상 간단히 진행되어야 합니다!
대신 집중력이 필요하죠 ㅎㅎ 종류는 줄이고 강도를 높이는 것을 추천드립니다!!"
2016-09-30,"미용실 갔다가, 어깨 운동! (밀리터리 프레스, 래터럴레이즈) 복학생 ep15헬스 트레이닝에서 중요한 3대 운동 중 하나인 스쿼트와 함께 어깨 운동을 진행했습니다
횟수와 세트는 운동 부분에 함꼐 표기해놔서 보기 편하실 거예요!
오늘 하루도 수고하셨고 주말 즐겁게 보내시기를!!!!!"
2016-10-02,"스쿼트 10세트(브이로그, 어깨운동) 복학생ep16휴일 일상, 이모네 헬스장에서 가볍게 스쿼트(하체운동) 훈련했습니다!
스쿼트 10회씩 10세트 마치고 어깨운동도 곁들여 주었어요 ㅎㅎ
하이바 풀 스쿼트 연습중이라 스쿼트 무게는 60kg로 진행했습니다."
2016-10-05,"가끔은 술마신 다음날(등운동, 브이로그, 일상) 복학생 ep17가끔은 술도 마시고 노는 날이 있어야겠지요?!
그래도 운동은 빼지말고 꾸준히 해야 합니다! :d
술마시러 가기 전에 운동하는 것도 아주 좋은 보상 방법인 것 같아요.
술마신 다음날에는 강도를 낮게 운동을 하도록 하구요! ^^
데드리프트, 등운동, 허리운동 루틴을 올렸습니다. 영상 참고하시면 좋을 것 같아요. 오늘도 화이팅입니다!!
(10월 3일~10월 5일 일상과 운동을 담은 브이로그영상입니다)"
2016-10-07,"핫도그랑 벤치프레스?!벤치프레스, 가슴운동 루틴을 담은 영상입니다
그리고 함께 대학생활 일상에 대해서도 함께 다뤘어요!
월 수 금 오전에 웨이트 트레이닝을 하고 있고
화 목은 주로 유도를 합니다 :d"
2016-10-10,"스쿼트, 어깨 운동(벌써 겨울... 일상,브이로그) 복학생 ep19스쿼트와 어깨 운동을 담았습니다! 
벌써 겨울이 된 듯 합니다.... (10월의 날씨가....)
운동할 때 주의하셔야 될 것 같아요
저도 오늘은 몸이 굳어 있어서 아침에 스트레칭을 조금 해줬어요ㅎㅎ
다치지 않고, 부상당하지 않고 오래 운동하는 게 최고인 것 같아요!
모두 오늘도 즐거운 월요일 보내시고 화이팅 하시길 바래요!

 - 
(3대운동, 스쿼트, 밀리터리프레스, 래터럴 레이즈, 벌써 겨울)"
2016-10-12,"등운동 박살(데드리프트, 일상, 브이로그) 복학생ep203대운동 중 하나인 데드리프트(스모데드리프트) 위주의 등운동 루틴 영상입니다!
일상도 함께 담아 지루하지 않게 볼 수 있을 것 같아요 ㅎㅎㅎ 
시험기간이라 따로 일상을 많이 담을 순 없지만 최대한 노력해볼게요!
오늘도 모두 화이팅 하시고 득근 하세요 :d
 "
2016-10-14,"초간단 벤치프레스(가슴운동, 대학생활, 브이로그) 복학생ep21복학생 e21!! 목에 담이 와서 운동을 빡세게 못하고....
초간단 가슴운동 루틴을 소개시켜드립니다! ㅎㅎ
가끔 시간 부족할 때 쓰는 방법인데, 
벤치프레스 10개씩 8~10세트를 하는 거예요.
가슴에 바로 자극오고 볼륨도 충분해서 꽤 쓸만한 방법입니다 ㅎㅎ
(3대운동 위주의 훈련!)"
2016-10-15,"어깨랑 하체(스쿼트, 프레스, 대학생활, 브이로그) 복학생 ep22어깨 운동과 하체 운동에 대해 담은 영상입니다
그리고 일상! 도 함께 담았습니다 ㅎㅎ
밀리터리프레스, 스쿼트, 래터럴레이즈, 레그프레스 등의 운동 루틴을 참고해주시면 좋을 것 같아요!!"
2016-10-17,"등 운동 간단히(중간고사, 대학생활, 브이로그) 복학생 ep23운동을 아주 빡시게는 못했어요... 중간고사는 중간고사인가 봅니다... ㅎㅎ 괜히 분위기에 취해서 힘든척 혼자 다하고 있네요
주말에 간단히 했던 등운동 영상 올려요!! 이번 한 주도 즐겁게 보내시고 행복한 주말 맞이해요: d 화이팅입니다!!!"
2016-10-19,"하체랑 어깨(중간고사, 대학생활, 브이로그) 복학생 ep24중간고사 기간이라 운동을 아주 볼륨있게 하지 못하고 있어요!
죄송해요 ㅠㅠ!!
그래도 한번씩 가서 운동 계속 하고 있으니
여러분도 운동 꾸준히 하시길 바래요!!

오늘은 3대운동중 스쿼트를 했지만
어깨를 위주로 진행했습니다 ㅎㅎㅎ"
2016-10-22,"살 찌는 중(가슴운동, 벤치프레스, 일상, 브이로그) 복학생 ep25안녕하세요 입니다! 
요즘 들어 정말 잘 먹고 다녀서 그런지 살이 찌고 있네요 ㅎㅎㅎ
75.5kg 를 찍었습니다 이제 76kg 대에 접어들 것 같은데
시험기간이 끝나면 먹는 것에 조금 신경 써서(다이어트) 체중을 73kg 에 맞춰야 겠어요!
오늘 운동은 가슴운동을 진행했습니다 벤치프레스, 인클라인벤치프레스, 딥스 등의 기본 운동을 진행했고 가장 중점은 역시 3대 운동 중 하나인 플랫 벤치프레스 였습니다!
무게를 조절해서 루틴 따라하시면 굉장히 도움이 될 거예요! 오늘 하루도 화이팅입니다!"
2016-10-23,"힘든만큼 (등 운동, 유도 훈련, 일상, 브이로그) 복학생 ep26힘든만큼 성장할 겁니다!! ㅎㅎㅎ 분명
오늘은 전반적인 등 운동과 유도 훈련을 했어요
유도 훈련은 앞으로 대회가 1달 정도밖에 남지 않아서 
자유연습을 많이 했습니다! 
등운동은 데드리프트, 랫풀다운, 시티드로우 등의 동작을 했고
이두 운동으로 해머컬과 덤벨컬을 해줬어요
주말 마무리 잘하시고 즐거운 월요일을 맞이합시다!

 - "
2016-10-26,"중간고사 끝(스쿼트, 어깨, 브이로그, 대학생활) 복학생 ep27중간고사가 드디어 끝났습니다!
사실은 과목이 하나 더 남았어요 그런데 아직 일주일 시간이 있어서
일단 끝났다고 생각하려구요.... ㅎㅎㅎ
스트레스 풀려고 운동을 3시간 정도 했어요
스쿼트(sqauts, 3대운동), 밀리터리프레스, 레그프레스, 래터럴레이즈 등의 하체, 어깨 운동을 진행하고
마지막에는 유도 고무줄 당기는 것과 플랭크 등의 동작도 해줬습니다. 유도 대회가 한 달도 채 남지 않아서.... 열심히 준비를 해야될 것 같아요 ㅎㅎㅎ"
2016-10-30,"단체사진 도전(가슴운동, 벤치프레스, 브이로그) 복학생 ep 28유도부 단체사진을 찍어봤어요! ㅋㅋ 밖에서 찍는 건 처음이라 시간이 꽤 오래 걸렸네요....
운동영상은 짧은 가슴운동에 관한 것입니다.(간단 가슴 루틴, 간단 운동) 아직 시험이 하나 남아있어서 운동을 많이 못했네요 ㅠㅠ 마지막 남은 시험 하나 끝나면 바로 운동하고 영상 편집해서 올리도록 할게요!! ㅎㅎ

오늘도 시청해주셔서 감사드려요. 감기 조심하세요!  - "
2016-11-01,"본격적 운동 시작(스쿼트, 어깨, 브이로그, 일상) 복학생 ep29본격적으로 다시 운동에 들어갑니다!
유도 대회도 얼마 남지 않았기 때문에
웨이트 훈련과 유도 훈련 모두에 집중해야 할 때가 됐어요 ㅎㅎㅎ
몸무게도 현재 75kg 에서 72kg 정도까지 빼야하구요...

오늘의 운동은 스쿼트위주의 하체운동과 밀리터리프레스(오버헤드프레스) 위주의 어깨 운동을 진행했습니다(3대운동이 가장 중요합니다!)
시간이 부족하여 보조 운동들은 아주 조금밖에 못했어요ㅠㅠ
다음영상부턴 풍성하게 하도록 할게요!"
2016-11-03,"데드리프트 with 소고기(등운동, 대학생활, 브이로그) 복학생ep30등허리 운동을 진행했습니다. 3대운동 중 하나인 데드리프트 위주의 운동을 진행했는데 오늘은 약간의 스내치 동작도 해봤습니다 ㅎㅎㅎ
등허리 운동 루틴으로 꽤 쓸만하니  운동에 도움되셨으면 좋겠습니다 
아! 어머니는 아직 조금 더 상황을 지켜봐야되지만 괜찮으신 것 같습니다! 걱정해주신분들 정말 감사드립니다!

오늘도 화이팅!!!!!! 
 - "
2016-11-07,"가슴?! 하체?!(운동루틴, 일상, 브이로그) 복학생 ep31가슴운동(벤치프레스) 루틴과 하체(스쿼트), 어깨(밀리터리프레스) 운동루틴에 대한 영상입니다.(3대운동 위주)
그리고 함께 일상도 담았어요 ㅎㅎ 매 영상마다 운동루틴이 비슷한 것 같지만 중량이 조금씩 달라지는 것을 확인하실 수 있을 거예요. 그날 컨디션에 따라 높이기도 하고 낮추기도 하면서 운동을 진행하고 있습니다. 
가슴운동과 하체운동 모두 중요합니다. 어느하나 소홀히 하지 마시고 모두 열심히 해주세요 ㅎㅎㅎ"
2016-11-08,"먹방, 데드리프트, 마라톤 알바(일상생활, 브이로그) 복학생 ep32아주 풍성한 영상으로 찾아왔습니다! ㅎㅎㅎ
대신.. 운동영상은 조금 빈약해요 ㅠㅠㅠ 다음 영상에서는 운동 위주로 올리도록 할게요!
영상은 주말 알바한 내용과 친구들 만난 내용 위주로 담겨있고 마지막에 데드리프트 위주의 등운동과 스쿼트 기록도전이 담겨있습니다. 평소보다 꽤 긴 영상이라 보기 힘들 수도 있지만.... 재밌게 봐주시길 바랍니다! 언제나 운동 화이팅 하시고 부상 조심하세요!
 - "
2016-11-10,"가슴 운동 루틴(갑빠만들기, 먹방, 브이로그) 복학생 ep33간단하지만 충분히 훌륭한 가슴운동 루틴! 입니다. 초보자분들은 벤치프레스 무게를 영상과는 다르게 조금 낮춰서 진행하시기를 바라고 어느 정도 숙달된 강한 분들은 무게를 더 높게 해주세요 ㅎㅎㅎ
3대 운동 위주의 루틴은 분명 장기간 훈련에 있어서 필수적입니다!
절대 눈앞의 목표를 위해서 작은 운동들에 집중하시지 마시고
커다란 나무와도 같은 3대운동에 집중해주세요!
그렇다고 3대 중량에 너무 집착하라는 뜻은 아닙니다 ㅎㅎㅎ
오늘도 즐거운 하루 보내셨기를 바라며!

 - "
2016-11-11,"빼빼로데이(스쿼트, 하체, 일상, 브이로그, 대학생활) 복학생 ep34하체 운동 진행했습니다! 아침운동을 오랜만에 해서 무게를 많이 수행하지는 못하였고 가벼운 무게로 자세 연습많이 했습니다 ㅎㅎ 그리고 어깨 운동도 진행했구요!(다이어트 중이라 유산소도 30분 탔습니다!)
오늘도 함께 출연해준 친구분들께 감사드리고!
시청해주신 여러분 정말 감사드려요!
 -
3대운동 안에 답이 있습니다!! 화이팅"
2016-11-13,"맨몸 운동 루틴(홈트루틴, 스쿼트, 턱걸이, 푸쉬업,  브이로그) 복학생ep35간단한 맨몸 운동 루틴을 다뤄봤어요 
푸쉬업 4x25 / 풀업 4x10 / 스쿼트 4x20 으로 진행했습니다
너무 쉽게 가능하시면 세트수를 더 늘려주시고 
너무 어려우시면 횟수를 줄여주세요! 각 4세트는 유지해 주시는 게 좋을 것 같아요 ㅎㅎ
3대운동 위주의 웨이트를 진행하면서 맨몸운동을 가끔 해주는 이유는 몸의 밸런스 유지를 위함입니다. 그리고 아무리 많은 무게를 들더라도 맨몸운동을 할 때마다 새로운 경험을 하게 됩니다. 몸무게를 다루는 것이 원판의 무게를 다루는 것보다 힘들 때도 있습니다."
2016-11-15,"루마니안 데드리프트(등운동 루틴, 대학생활, 브이로그) 복학생 ep36간단한 등운동 루틴입니다. 유도대회 준비로 인해 강도 높은 웨이트 훈련을 못하고 있고 유도 기술 훈련과 유산소 위주의 운동을 하고 있습니다ㅎㅎㅎ 
그러나 분명 충분히 괜찮은 등운동 루틴이고 무게만 바꿔서 간단히 실행해볼만 합니다! 초보자 분들은 무게를 낮추셔서 루틴 짤 때 참고해주시길 바래요 ㅎㅎ (3대운동은 언제나 옳습니다 ㅋㅋ)
 - "
2016-11-16,"벤치프레스 루틴(가슴운동, 먹방, 대학생활, 브이로그) 복학생ep37벤치프레스 루틴에 대한 영상입니다! 저는 훈련을 3대운동 위주로 진행하고 있어요. 그래서 그 3대운동이 하루 운동의 70~80%정도를 차지합니다ㅎㅎ 3대중량에 집착할 필요는 없지만 3대운동에 집중할 필요는 있어요. 다른 자잘한 운동들보다는 큰 운동들에 먼저 신경을 써서 균형잡힌 몸을 만드셨으면 좋겠습니다!
화이팅!!!!"
2016-11-17,"스트랩 감는법(스쿼트, 스내치, 클린, 브이로그) 복학생ep38스트랩 감는 팁을 살짝 다뤄봤어요. 
오늘의 훈련은 스내치와 클린으로 칼로리 소모를 열심히! 하였습니다
그리고 고중량 스쿼트로 마무리 했어요
체중감량 때문에 유산소를 계속 20분 이상 해주고 있습니다.......
얼른 유도 대회를 마치고 다시 스트렝스 훈련 루틴을 돌리고 싶네요... ㅎㅎㅎ
모두 부상조심하시고 남은 한 주 잘 보내세요! 오늘도 득근입니다!

 - 
아! 항상 3대운동 위주로 훈련진행하시는 것 잊지 마세요!"
2016-11-19,"서울컵 유도훈련(유도대회, 살빼는중, 일상, 브이로그) 복학생 ep3911월 20일 일요일에 있을 유도대회를 위한 마지막 훈련영상을 담았습니다! 그리고 여러 사소한 제 일상도 담았어요 ㅎㅎ
편하게 즐겨주시고 대회 영상은 11월 20일 늦은저녁이나 다음날 이른 아침에 업로드 할게요!! 모두 화이팅하시고 즐거운 주말 보내시기를!!!

 - "
2016-11-20,"서울컵 유도 대회(실력부족, 탈락, 일상, 브이로그) 복학생ep40드디어 서울컵 유도대회가 막을 내렸습니다! 결과는 영.... 별로네요 ㅎㅎㅎ 개인전 1라운드 탈락, 그리고 단체전 8강 탈락!
그런데 부상하나 없이 기분좋게 마무리 할 수 있었습니다!
작년에도 개인전 1라운드 탈락을 했었는데, 내성이 생긴걸까요?
바로 훌훌 털어버리고 단체전에 집중할 수 있었습니다.
개인전 메달은 아직 때가 아닌 것 같습니다. 조금더 훈련에 매진한 뒤에 내년에 다시 도전해볼게요! 여러분도 끝까지 포기말고 운동 화이팅 하시길 바랍니다! ㅎㅎㅎ 
 - "
2016-11-21,"하체와 어깨 운동 루틴(스쿼트, 밀프, 일상, 대학생활, 브이로그) 복학생 ep41대회가 끝나고 드디어 웨이트 운동에 집중할 수 있는 시간이 찾아왔습니다. 유산소 없이 여유롭게 중량운동을 했더니 개운하네요 ㅎㅎㅎ
운동 루틴은 영상에 자세히 적어놨으니 영상 참고해주시면 감사해요!
스쿼트위주의 하체운동과 프레스 위주의 어깨운동을 담았고 제 일상과 함께 가끔씩 나오는 노래방 장면....이 담겨있습니다 맨 뒤에..
즐거운 마음으로 시청해주셨으면 좋겠습니다! ㅎㅎ 좋아요 & 구독 꼭 눌러주시고 모두 득근하세요!

 -  (3대 운동이 답입니다!)"
2016-11-23,"인바디 측정(3대중량 측정, 일상, 파워리프팅, 브이로그) 복학생 ep42인바디 측정을 해봤어요! 결과는 영 별로네요 ㅠㅠ
3대 중량 새로 측정해봤는데 벤치 110kg, 데드리프트 195kg(new) 스쿼트 150kg나왔네요 ㅎㅎ 앞으로 파워리프팅 훈련에 집중을 더 해서 3대중량 500kg 에 꼭 도달하겠습니다!!
 -  (3대 운동 위주로!)
a string - loch lomond (free music archive 출처)"
2016-11-25,"등운동 루틴(데드리프트, 경희대, 일상, 브이로그, 3대운동) 복학생 ep 43등운동 루틴 영상 입니다! 루마니안 데드리프트를 포함한 간단한 등운동 루틴이라 쉽게 따라하실 수 있을 거예요! 그리고 대학생활과 제 일상도 함께 담았습니다 ㅎㅎ 
2016년 현재 저는 26살이고 서울에 있는 경희대학교 3학년2학기에 재학중이며 파워리프팅을 좋아합니다. 앞으로의 영상도 운동과 일상 함께 계속 올라갈 거예요! 많은 구독! 부탁드려요!!

 - "
2016-11-27,"초간단 홈트(신토익 도전, 중학교친구, 일상, 브이로그) 복학생 ep44주말이라 아주 간단한 홈트레이닝(홈트루틴)을 해봤어요!(맨몸운동)
홈트 위주로 하시는 분들은 횟수나 세트를 조금더 늘려서 도전해보세요!
그리고 신토익을 봤는데... 음... 망했네요 ㅋㅋ 다시 도전합니다!
곧 기말고사 기간도 다가오네요... 여러분 모두 홧팅하세요!
 -  (3대운동 위주로 하시는 게 가장 중요합니다 언제나!)"
2016-11-28,"앞으로의 계획, 작은 목표(스쿼트, 프레스, 대학생활, 일상, 브이로그) 복학생 ep45여러분의 앞으로 계획은 무엇인가요?! 즐기면서 할 수 있는 일을 찾기란 정말 힘든 것 같아요 찾았다고 해서 끝나는 것도 아니고... 계속 고민하면서 살아가야 되는 듯 합니다...ㅎㅎ 우선 작은 목표를 정했습니다! 
그 목표를 품고 운동과 함께 열심히 생활해야지요!
여러분도 모두 화이팅 하시구요! ㅎㅎㅎ
날 추운데 감기 조심하세요!
그리고 항상 3대운동 위주의 트레이닝! 잊지 마시구요

 - "
2016-11-30,"대학생활, 기말고사(가슴운동 루틴, 벤치프레스, 대학생, 브이로그) 복학생ep47이제 곧 기말고사네요!! 아침운동으로 다시 바꿨습니다 ㅎㅎㅎ
오늘 운동은 제가 진행하는 3대 운동 중 가장 약한..... 벤치프레스 위주의 가슴운동이었습니다! ㅎㅎㅎ 초보자분들도 따라하기 쉬운 루틴이니,  가슴운동할 때 꼭 참고해 보세요! :d"
2016-12-02," 시작(등허리 운동, 대학일기, 일상, 브이로그) 복학생 ep47를 해보라고 권해주었던 친구와 식사를 가졌습니다! ㅎㅎ  그리고 대학일기처럼 풍부한 대학생활에 대해 담아보려고 노력했어요.  오랜만에 스모 데드리프트가 아닌 컨벤셔널 데드리프트로 140kg 5x5 훈련을 진행했네요! 확실히 저는 스모데드가 편하긴 한가 봅니다.... 마지막 세트는 스모로 진행했어요 ㅎㅎ
항상 3대운동 위주로 진행해주시고, 부상 조심하세요!
좋아요 & 구독 꼭 눌러주시고 댓글 까지! 남겨주시면 감사해요 ㅎㅎ
 - (kw lee)"
2016-12-05," 생일파티(스쿼트, 프레스, 가족식사, 브이로그) 복학생 ep4812월 5일! 생일이었습니다! ㅎㅎㅎ 
생일이 지나기 전에 영상을 올리는 것보다는
생일 하루가 다 끝나고, 정리해서 올리는 게 더 나을 것 같아서
조금 늦게 올리게 되었네요 ㅠㅠ!!
운동영상은 스쿼트와 오버헤드 프레스 위주로 진행했고
4일 간의 브이로그여서 그런지... 꽤많은 음식이 등장합니다!! ㅋㅋㅋ
무튼.. 긴 영상 시청해주셔서 정말 감사드리고
구독! 좋아요! 꼭 눌러주세요 ㅎㅎ

 - (kw lee)"
2016-12-07,"맥도날드 먹방(벤치프레스 꿀팁, 가슴운동 루틴, 대학생활 , 브이로그) 복학생 ep 49더블불고기세트 먹방! 입니다 ㅋㅋ 그리고 벤치프레스 팁을 담았어요
이미 '벤치프레스 하는법' 이란 영상을 보신 분들은 다 아시는 내용이지만 혹시나.... 아직 못보신 분들을 위해 한번 담아봤습니다!
그리고 가슴운동 루틴도 함께 참고해주세요!
3대운동 중 하나인 벤치프레스 위주의 훈련은 언제나 옳습니다!
항상 큰운동들 위주로 수행하시고 즐겁게! 부상 없이! 훈련하시길 바랍니다
 - (kw lee)"
2016-12-09,"스모데드리프트 하는법(how to sumodeadlifts) by 스모데드리프트 하는 방법에 대한 영상입니다
완전히 옳은 영상을 만들기는 항상 어렵습니다... 
지금 하고 계신 동작에 필요한 부분만 참고해주시면 감사드려요!
3대운동, 데드리프트"
2016-12-10,"보내주신 선물(나구, 등 운동, 데드리프트, 대학생활, 브이로그) 복학생 ep50구독자분께서 선물을 보내주셨어요!
나구님 정말 감사합니다 ㅎㅎㅎ 잘 쓸게요!
오늘은 등운동하는 날입니다! 고중량 데드리프트를 했고
데드리프트 팁도 함께 담았습니다! ㅎㅎ 아! 그리고 펜들레이 로우라는 동작도 추가해봤어요
항상 3대운동 위주로 훈련계획해서 강하고 멋진 몸 만드시길 바랍니다!
 - "
2016-12-12,"강력한 가슴, 어깨 운동(3대운동, 벤치프레스, 대학생활, 일상영상) 복학생 ep513대운동 중 하나인 벤치프레스 루틴을 다뤘습니다 ㅎㅎ
그리고 일상 영상 조금과 함께 밀리터리 프레스 기록 도전도 해봤어요
재밌게 봐주셨으면 좋겠습니다 ㅎㅎ 구독 좋아요도 눌러주시구요!"
2016-12-15,"미용실 두피스켈프(대학생활, 일상, 데드리프트) 복학생 ep 52대학생활을 열심히 담아보려고 노력해봤어요 ㅎㅎ
물론 운동 채널이니 운동은 꼭 넣습니다!
오늘은 시험 끝나고 미용실에서 머리를 잘랐어요. 시험기간에는 특히나 스트레스를 많이 받아서 머리 자르고 나면 기분이 나아지더라구요ㅎㅎ
운동은 데드리프트 위주의 가벼운 등운동을 진행했습니다

날이 아주 많이 추운데 감기 조심하시고, 운동 화이팅하세요!
  kw1000lbs"
2016-12-19,"겨울방학 시작(스쿼트, 어깨운동, 일상, 브이로그) 복학생 ep마지막겨울방학이 시작되었습니다! 복학생 에피소드도 이제 끝이네요 ㅎㅎ
다음 영상부터는 겨울방학 에피소드로 찾아올게요
오늘 운동은 스쿼트랑 프레스(어깨운동) 위주로 진행했고 항상 하던대로 간단한 루틴으로 강력하게! 했어요 
3대운동 위주로 하는 훈련이 얼마나 중요한지는 이제는 모두 아실거라 믿고!! 
오늘도 화이팅입니다!
-  "
2016-12-21,"새로운 시작(데드리프트, 대학생활, 파티, 일상, 브이로그) 겨울방학 ep 01겨울방학 ep01 '새로운 시작'입니다(일상영상을 더 많이 담아보려고 노력중...입니다 ^^)
영상 편집프로그램을 바꿨어요!(다만... 너무 어려운 관계로 아직은 윈도우 무비메이커와 혼용하고 있습니다 ㅎㅎ)
유도부 종강파티를 즐겼고, 술도 많이 마셨네요.
다음날은 운동을 하긴 했는데... 짧게 했어요 저녁에! 
술 먹고 다음날은 좋지 않잖아요... ㅎㅎ

모두 감기 조심하시고, 얼마 남지 않은 12월 보람차게
보내시길 바랍니다!

 -  (kw lee)"
2016-12-23,"맨몸운동 하는 날(홈트 루틴, 장보기, 일상) 겨울방학 ep02맨몸 운동을 해봤어요!(홈트레이닝)
맨몸루틴은 항상 하던 것과 비슷하게 진행했고, 추가된 것은 시작전 응용버피동작 15회입니다 ㅎㅎ 주말에 운동하러 가기 귀찮거나 휴식하는 날이면 하루 정도 이런 루틴으로 해주는 게 몸 컨디션 유지하기에 좋을 것 같아요!
주말 재밌게 보내시고, 메리크리스마스 입니다!!

 - (kw lee)"
2016-12-25,"merry christmas!!!(자기소개, 일상, 브이로그, 운동x) 겨울방학 ep03메리크리스마스예요!(merry christmas)
운동 영상 없는 일상 영상만 담아봤어요^^
잠들기 전에 '나만 외로운 게 아니구나' 라는 맘을 가질 수 있도록! ㅋㅋㅋ 혼자남의 쓸쓸한 크리스마스를 담았습니다
모두 새로운 한 주 화이팅 하시구요!

 -  구독! 좋아요! 눌러주세요 ㅎㅎ
kevin macleod의 jingle bells은(는) creative commons attribution 라이선스(https://creativecommons.org/licenses/by/4.0/)에 따라 라이선스가 부여됩니다.
출처: http://incompetech.com/music/royalty-free/index.html?isrc=usuan1100187
아티스트: http://incompetech.com/"
2016-12-26,"턱걸이 100개 도전(일상, 브이로그) 겨울방학ep04맨몸 운동의 끝판왕! 턱걸이를 100개 도전해봤어요
10개씩 10세트로 진행했고...
고무밴드의 도움을 받았네요 ㅎㅎㅎ

 - (kw lee)"
2016-12-28,"홈트 영상(어깨 만들기, 친구, 일상, 브이로그) 겨울방학 ep04오늘도 어김없이.... 홈트를 했네요.... 날이 추워지니 헬스장 가기 참 어렵습니다 ㅠㅠ 어깨 운동을 했습니다! 어깨운동 루틴(홈트루틴) 꽤 괜찮아요! 한번 꼭 도전해보세요 ㅎㅎㅎ
일상을 담으려 노력했고, 재밌게 봐주셨으면 좋겠습니다! ㅎㅎ
좋아요, 구독 꼭 눌러주시구요!

 - (kw lee)"
2016-12-31,"인바디 체크, 3대 운동, 브이로그 │겨울방학 ep05인바디 체크와 함께 3대 운동(벤치프레스, 데드리프트, 스쿼트) 모두 진행해봤어요.
오랜만에 헬스장을 가서 그런지 높은 집중력을 가지고 운동을 할 수 있었어요. 주말은 푹 쉬고 다시 다음주부터 운동 시작해야지요
2016년의 마지막 날입니다! 마무리 잘 하시고
새해복 많이 받으세요!
 - "
2017-01-02,"헬스 도중에... 무슨 일이?(2017년의 시작)운동을 하던 중간에 집으로 돌아왔습니다... ㅜㅜ
헬스 시간이 바뀌어서.... 하..... 슬픔은 집에서 팔굽혀펴기로 달랬네요 ㅋㅋㅋㅋㅋㅋ 무튼! 새해가 밝았으니 모두 운동 화이팅 하자구요!!
감기 조심하시구요!
 - "
2017-01-05,"데드리프트 마침내 200kg 성공?! │겨울방학 ep 07데드리프트 드디어..... 200kg에 성공하였습니다.
항상 3대 운동 위주의 스트렝스식 훈련을 진행하였는데, 조금씩 결과가 나타나는 것 같아요! 몸도 조금씩 좋아지는 것 같구요! ㅎㅎ
다만 요즘에 살이 조금 쪄서 다이어트 기간을 가져보려 합니다!
함꼐 다이어트 해요!"
2017-01-08,"알바 구함(맨몸 운동, 홈트, 브이로그, 일상 영상) 겨울방학 ep08주말을 이용해 맨몸운동을 했어요!
홈트는 고중량을 다루기 힘들기 때문에 스트렝스 훈련에는 적합하지 않지만 평일에 스트렝스 훈련을 하고 주말에 맨몸 운동을 하게 되면 몸이 균형적으로 성장할 수 있어 아주 좋습니다!
주말 중 하루는 맨몸 운동 시도해보세요!"
2017-01-10,"다이어트는 내일부터(유도, 스쿼트, 어깨, 브이로그) 겨울방학 ep09다이어트는 당연히.... 내일부터.... ㅎㅎㅎㅎ
먹는 것 참는 게 여간 힘든게 아니네요.... 무한리필 삼겹살을 먹어버렸습니다 ㅋㅋㅋ 그래도 운동 빡시게 하고 먹었으니 근육으로 간다고 합리화를 해야죠 ㅋㅋㅋㅋㅋ
오늘은 유도와 리프팅 모두 다 했어요!  삼겹살이 오히려 더 도움이될 수도 있겠네요 ㅋㅋㅋ 오늘도 모두 화이팅입니다!!
 - 
(다이어트를 하더라도 3대운동이 가장 중요합니다.)"
2017-01-13,"가장 평범한 대학생활(벤치프레스, 일상, 브이로그) 겨울방학 ep10저번 훈련에서 너무 많은 에너지를 소비?! 하는 바람에 3일 동안 힘이 없네요 ㅜㅜ ㅋㅋㅋ 쉬엄쉬엄 했습니다.... 컨디션 관리는 운동하는 사람들에게 굉장히 중요한 부분인 것 같아요. 꾸준히 운동하는 사람이 결국 가장 즐기며 운동할 수 있는 거라 믿고 있기 때문에, 여러분들도 항상 컨디션 관리에 힘쓰시길 바랍니다 ㅎㅎ 쉴 때 안 쉬면 더 쉬어야 되는 상황이 올 수도 있으니 항상 조심하시구요!!
언제나 3대 운동이 가장 중요하다는 말씀은 빼놓지 않고 싶네요 ㅎㅎ
오늘하루도 정말 수고많으셨어요! 주말 즐겁게 보내세요"
2017-01-14,"3대운동 훈련 영상(합동 훈련) │벤치프레스, 스쿼트, 데드리프트리프팅 소모임을 가졌어요! 3대운동 모두 다뤘고
현재 제 3대 중량은
벤치프레스 : 110kg / 데드리프트 : 200kg / 스쿼트 : 150kg 입니다"
2017-01-18,"머리 자르고 가슴 운동을 하러~(남자 머리, 벤치프레스, 일상, 브이로그)│겨울방학ep112017년 1월 18일 영상, 오늘의 운동은 가슴운동입니다!!!
벤치프레스 위주로 했고, 운동 전 워밍업에 많은 시간을 투자하였습니다 ㅎㅎ 골반 스트레칭을 주로 하고 있는데, 스쿼트 동작에서의 모빌러티 확보를 위해 열심히 하고 있습니다 ㅎㅎ
항상 3대운동 위주로 화이팅 하세요!!!
(장소 - 경희대학교)"
2017-01-21,"한국사 시험 후기(데드리프트, 일상, 브이로그, 대학생활) 겨울방학 ep12한국사 시험을 보고 왔습니다!! 결과는 어떻게 될까요.... 
아! 눈이 많이 왔어요 모두 빙판길 조심하세요!!
운동은 데드리프트 위주로 진행해봤습니다 ㅎㅎ
180kg 3x3을 해보려 했으나... 실패했고 2x3으로 진행했습니다 ㅎㅎ
 - "
2017-01-25,"너의 이름은(후기)│스쿼트, 어깨, 일상, 대학생활 │겨울방학 ep13너의 이름은 보고 왔어요. 말이 필요 없네요 무조건 보고 오세요 ㅋㅋㅋ
영화관에서 보는 걸 추천 드립니다. 영상과 음악이 너무 잘 버무려져서 집에서 작은 노트북화면으로 보기에는 너무나 아쉬운 부분이 많을 것 같아요
영상에서는 그리고 스쿼트와 프레스 운동 그리고 어깨 보조운동인 래터럴레이즈와 벤트오버 레터럴레이즈를 진행했어요.
춥더라도 운동 꾸준히! 해주세요. 곧 설날이 시작되니... 미리미리 운동 많이 해놔서 설날에 맛있는 음식 많이 먹읍시다! ㅎㅎㅎ
 - "
2017-01-29,"나구를 만나다(일상, 유도 훈련, judo, 브이로그) 겨울방학 ep14나구님을 만났습니다! 저녁 함께 먹고, 카페에서 커피도 한 잔하고 즐겁게 이야기 나누다가 왔네요! ㅎㅎ 다음에는 운동영상으로 출연해주시기로 했어요! ㅋㅋㅋ
오늘의 영상에서는 웨이트는 없고....... 유도 영상을 담았어요 ㅎㅎ 유도를 좋아하시는 분들도 있어서 허접하지만! 담아봤습니다 ㅋㅋ
1월 30일~2월2일 까지는 후쿠오카에 여행을 다녀옵니다!
여행 영상은 일상영상 형식으로 최대한 빠르게 업로드를 할 예정이고 여행의 멋진 장면들만을 담은 꽤 질 높은 영상 한편을 제작해보려 해요. 언제가 될지는 모르겠지만.... 열심히 찍어와야죠 ㅎㅎ

무튼! 새해복 많이 받으시고, 설날에 먹은 음식들 이제 2월! 저와함께 태워봅시다 ㅎㅎ 항상 화이팅하세요
 - (kwlee)"
2017-01-31,"의 첫!  라이브(후쿠오카 여행중, 나카스강 근처 카페)첫 스트리밍이라... 프로그램 다루는 것에 매우... 미숙했습니다 양해부탁드려요ㅜㅜ 다음 스트리밍에서는 좀더 자연스럽게! 해볼게요 ㅎㅎ 항상 화이팅하세요!"
2017-02-03,"의 나홀로 후쿠오카 여행 ep01 (인천공항에서 하카타역, 이치란 라멘)의 후쿠오카 여행기 에피소드의 시작 입니다!
몇 편이 될 지는 잘 모르겠어요.. 워낙 많은 장면을 찍어놔서.... 
이번편에서는 후쿠오카 가기 전까지의 인천 공항에서의 영상과 하카타역에 도착하여 호텔 체크인 하고 이치란 라멘에 가서 먹방한 내용까지 입니다!
그럼에도 즐거운 시청 부탁드리고 중간중간에는 겨울방학 에피소드 영상도 계속 올릴게요! ㅎㅎ
다음 영상 편집을 위한 피드백을 달아주시면 참고할게요!

 -  (fukuoka trip)"
2017-02-05,"후쿠오카 여행  ep02 │골드짐, 캐널시티, fukuoka후쿠오카 여행기 에피소드 2번째 입니다!
골드짐과 캐널시티를 방문했어요ㅎㅎㅎ
영상 편집술은 아직.... 많이 허접하지만....
즐겁게 봐주시면 감사해요!! ㅎㅎㅎ
항상 운동 화이팅하시고 부상 조심하세요!

  kw1000lbs 로 연락주시면 바로 답 해드릴게요 ㅎㅎ 아니면 영상 댓글에 남겨주세요!"
2017-02-07,"후쿠오카 여행 ep03│유후인 온천 찾기의 일본 여행 에피소드 3편!
하카타역에서 유후인으로 이동!
유후인을 이리저리 돌아다니다가 온천을 겨우 찾았네요 ㅜㅜ
다음번에는 온천까지 정해놓고 찾아가려구요..... 흑흑
오늘의 이동 경로는 하카타역 버스터미널에서 유후인까지였습니다. 다음 영상은 텐진호르몬 먹방과  라이브스트리밍! 그리고 다자이후에 가는 모습을 업로드할게요!"
2017-02-08,"데드리프트 훈련 영상(deadlifts training)3대 운동중의 하나인 데드리프트 짧은 훈련 영상입니다!
후쿠오카 에피소드가 진행중이라... 일상 영상 편집 시간이 너무 부족하여... 당분간은 운동영상은 이렇게 짧고 간결하게 편집해서 올릴게요!
오늘 하루도 모두 화이팅하시고 훈련 빼먹지 마세요! ㅎㅎㅎ"
2017-02-09,"후쿠오카 여행 ep04 │텐진호르몬, 돈키호테, 먹방후쿠오카 에피소드 4편입니다! 
후쿠오카 여행 중 텐진 호르몬과 나카스강 근처 돈키호테를 방문했어요
재밌게 봐주세요 ㅎㅎㅎ
오늘 하루도 모두 수고하셨어요!!!"
2017-02-11,"후쿠오카 여행 ep05│다자이후, 후쿠오카 타워, 100엔 스시후쿠오카(fukuoka) 여행 에피소드 5입니다! 이제 마지막 한 편 남았네요.....
여행 에피소드가 일반 브이로그ing영상보다 훨씬 편집시간이 오래걸리긴 하지만 편집하면서 여행했던 때를 뒤돌아볼 수 있어서 아주 좋네요 ㅎㅎ
앞으로도 여행 많이 다녀봐야 겠어요

이번 영상에서는 다자이후와 후쿠오카 타워 그리고 모모치 해변을 다녀왔습니다. 맛집으로는 100엔 스시로 유명한 하카타역 요시바라를 다녀왔구요! 하카타역 근처에서 머무시는 분들은 한번 가보시는 걸 추천드려요! ㅎㅎㅎ
 - "
2017-02-11,"3대운동 스트렝스 훈련│겨울방학 ep153대운동 스트렝스 훈련에 대한 영상입니다!
데드리프트, 벤치프레스, 스쿼트 그리고 오버헤드 프레스(ohp or 밀리터리프레스)까지 함께 진행했구요. 저는 보통 5회 이하에서 훈련을 진행합니다!(스트렝스 강화가 주목적입니다)
현재 3대중량은 벤치 110, 스쿼트 160, 데드리프트 200 총 470kg입니다!

 - "
2017-02-12,"맨몸운동 이렇게 한번 해보자(홈트 영상)맨몸운동, 홈트레이닝 루틴입니다!
스트렝스 훈련으로 굳어질 수 있는 몸에 맨몸 훈련은 아주 좋습니다!
그리고 맨몸운동이라는 게 따로 정확한 루틴이 있는 게 아니라,
하는 사람에 따라 아주 많이 달라질 수 있기 때문에 
커다란 틀만 가져다 쓰셔도 될 것 같아요 ㅎㅎㅎ
특히 요즘 홈트, 맨몸운동이 대세라 자신만의 몇가지 루틴을 가지고 있으면 좋을 것 같네요!
항상 부상조심하시고 화이팅입니다!!"
2017-02-13,"후쿠오카 여행 ep06 │호텔 체크아웃, 장어덮밥(吉塚うなぎ屋本店) 먹방후쿠오카 브이로그(fukuoka 브이로그)이번 편이 마지막이 될 줄 알았는데.... 생각보다 영상이 길어져서 다시 컷트를 했습니다 ㅜㅜ 죄송해요 ㅎㅎ
이번 영상은 거의 제 독백으로 이루어졌고, 그 외에는 뭐... 장어덮밥 (요시즈카 우나기야) 먹방이 있겠죠?!  즐겁게 편안한 마음으로 봐주셨으면 좋겠습니다! ㅎㅎ 
좋아요 & 구독 부탁드려요 ^^

 - (여행 브이로그 편)"
2017-02-16,"근육은 어떻게 성장할까? │한글 자막번역/자막 by (kw lee)
아주 기본적인 근육성장 과정에 관한 영상입니다!
이미 자막이 돌아다닐 수도 있지만, 혹시라도 아직 보지 못한 분들을 위해 번역작업을 해봤어요."
2017-02-16,"등운동 루틴, 유산소 │겨울방학ep17등운동 루틴을 짧게 정리해봤어요
운동하실 때 참고하시면 좋을 것 같습니다 ㅎㅎ
그리고 유도대회가 얼마 안 남아서 유산소를 조금 많이 했어요ㅜㅜ
얼른 대회 마치고 근력 운동 위주로 다시 돌아가고 싶네요 ㅋㅋ
오늘도 화이팅하시구요!"
2017-02-17,"후쿠오카 여행 ep 마지막 │오호리 공원, 스타벅스, 여행브이로그후쿠오카 여행의 마지막 브이로그 영상이네요
3박 4일의 짧은 기간이었지만, 영상으로 남겨
하나하나 곱씹어보니 꽤나 풍성했던 여행이었어요
학기 중에도 생각나면 다시 돌려보곤 해야죠 ㅎㅎ
이제 곧 날씨가 따뜻해집니다! 그날을 위해 운동 더 열심히 화이팅!!"
2017-02-18,"하체 운동 루틴(근비대, 자극 훈련, 닭가슴살 요리) │겨울방학 ep18간단하지만 강력한 하체 루틴을 진행해봤어요
아직 근비대, 자극 훈련 루틴에 적응이 안돼서
예열 단계라 생각하고 천천히 자세를 몸에 익히는 중입니다
자세가 서툴러도 넓은 마음으로 이해해주시기를 바랍니다... ㅎㅎ
닭가슴살 먹는 꿀팁도 함께 담았으니 즐겁게 봐주시기를!!

 - (kw lee)"
2017-02-21,"3대운동, 가슴 루틴 │겨울방학ep19가슴운동 루틴이에요 ㅎㅎㅎ
벤치프레스는 3대 운동중 가장 비중이 작은(?!) 운동이지만
가장 사랑받는 운동이죠? ㅋㅋ
항상 부상 조심하시고 화이팅 하시길 바랍니다!

 - 
(좋아요 & 구독 꼭한번 눌러주세요! ㅎㅎ)"
2017-02-23,"턱걸이만으로 등운동을(홈트)턱걸이 100개 도전 영상입니다 ㅎㅎ
맨몸운동 깡패라 불리는 턱걸이!
여러분도 도전해보세요 !!
1~2주에 한번쯤 이렇게 홈트레이닝 하는 것도 좋아요!"
2017-02-26," 유도대회 -73kg 출전 영상(서울시 유도대회)이번에 -73kg로 서울시 삼일절 유도대회에 참가하였습니다! (유도영상 포함)
제가 대회경험이 별로 없어서 2017년은 웬만하면 대부분의 대회에 참여하려고 합니다 ㅎㅎ
결과는 영상으로 편하게 즐겨주시면 좋을 것 같아요!"
2017-02-27,"초간단 어깨 운동 루틴(어깨 만들기)아주 간단한 어깨 운동 루틴입니다!
어깨 운동은 밀리터리 프레스로 아주 크게 운동할 수도 있지만 영상에서처럼 자극 위주의 운동도 가능합니다!
어깨는 항상 가장 다치기 쉬워서... 아무리 가벼운 무게이더라도 끝까지 엄청난 집중력을 발휘하는 게 중요하구요!
항상 부상 조심하시길 바라고, 득근하세요!"
2017-03-03," 썸머슈레딩 에피소드 오프닝(summer shredding episode)오프닝 영상입니다!
여름 대비 몸짱 프로젝트 라고 생각하시면 됩니다 ㅎㅎ
모두 올 여름은 몸 근사하게 만들어 보자구요!
 - "
2017-03-04,"4학년 1학기 시작, 브이로그│가슴운동│썸머슈레딩 ep01썸머슈레딩 에피소드가 시작되었습니다.
오늘은 가슴운동을 진행했고, 유산소는 35분 런닝머신에서 걸었어요 ㅎㅎ
식단은 아주 철저하게 관리하지는 않을 예정이에요. 다만 유산소 운동을 조금 더 확보해서 칼로리 소모에 신경을 많이 쓸 예정입니다!
모두 저와 함께 7월, 8월을 위하여 몸 한번 제대로 만들어보자구요! ㅎㅎ 
 - "
2017-03-07,"간단한 등 운동 루틴│구독자 식사&선물!│썸머슈레딩 ep02시간 부족할 때 간단하게 할 수 있는 등운동 루틴입니다!
루마니안 데드리프트를 시작으로, 랫풀다운, 케이블시티드로우, 암풀다운 그리고 마지막으로 로프운동을 해봤습니다 ㅎㅎ
영상 마지막 부분은 한 구독자님과의 식사! 장면을 담았어요

즐겁게 시청해주시고,  좋아요& 구독 부탁해요! ㅎㅎ

 - "
2017-03-09," 댓글 읽기│스쿼트 영상, 대학생활브이로그│썸머슈레딩 ep03처음으로!  댓글 읽기를 해봤는데요, 
시간이 워낙 많이 걸려서.... 절반 정도 읽고 절반은 편집과정에서 
삭제해버렸습니다 ㅜㅜ 최근에 댓글 달아주신 분들 다음에 
또 함께 댓글 나눌 수 있을 거예요!

운동은 하체와 어깨로 나누어서 진행했고,
하체 운동은 3대 운동 중 하나인 스쿼트만을 진행했고
어깨 운동은 밀리터리 프레스와 래터럴레이즈 운동을 진행했습니다.

썸머슈레딩 1주차 인데, 아직 체중변화가 미미 하네요... ㅎㅎㅎ
다음주는 되어야 1~2kg 빠질 것 같아요. 천천히 과정 지켜봐주시기를...!!

 - "
2017-03-11,"대학교 개강총회│가슴운동(벤치프레스)│썸머슈레딩 ep04개강총회가 있었습니다! 꽤많은 유도부원들이 참여했고, 끝나고는 회식 장소로 이동했습니다 ㅎㅎ

가슴운동은 인클라인 벤치로 시작해서 3대 운동 중 하나인  벤치프레스, 딥스, 케이블 플라이, 버터플라이머신 을 진행했습니다.

주말 모두 즐겁게 보내시고, 운동도 하루 꼭! 하시기를 바래요 ㅎㅎ"
2017-03-14,"운동할 때 술│데드리프트 볼륨이란?│썸머슈레딩 ep05데드리프트 볼륨 4910kg....!
턱걸이로 인해 등이 회복이 안돼서 
등운동하는날 데드리프트만 진행했습니다!
총 볼륨은 4910kg!
운동 볼륨 계산은 무게 x 횟수 x 세트 의 값으로
영상에서의 데드리프트 볼륨은
50kg x 3 x1
90kg x 2 x 1
130kg x 1 x 1
150kg x 1 x 1
170kg x 1 x 1
180kg x 1 x 1
130kg x (5+4+3+2+1)
100kg x 10 x 2
total : 4910kg 였습니다 ㅎㅎ"
2017-03-16,"책책책 책을 읽읍시다│가슴운동│썸머슈레딩 ep06처음?! 시도하는 북하울 이네요 ㅎㅎㅎ
책 이벤트를 하길래 저렴하게 6권의 책을 구입했습니다!
3월 여유 있을 때 최대한 많이 읽어 놓으려구요ㅎㅎ
여러분들도 운동 외의 다른 것들에서도 행복을 찾기를 바라며!
독서는 정말 중요한 듯 합니다!

 - (k w lee)"
2017-03-18,영화 보러 가기전 잡담(q&a)실시간 스트리밍
2017-03-18,"하체 운동은 힘들어│스쿼트, 대학생활│썸머슈레딩 ep07하체운동, 스쿼트, 프레스
썸머슈레딩

3대운동"
2017-03-19," 맨몸운동 루틴│밴드 운동(홈트)맨몸운동 루틴(홈트 루틴)입니다!
밴드를 이용해봤고
강도가 센 밴드로 4x15
조금 약한 밴드로 4x18
진행한 후에 마무리로 맨몸 푸쉬업 30회 진행했습니다!
웨이트 운동을 진행하시더라도 
일주일에 한 번 정도 맨몸운동을 하는 것이
신체 밸런스를 위해서도 매우 좋으니, 꼭! 넣어서 
진행해보세요 ㅎㅎ

 - (구독 부탁드려요!)"
2017-03-21,"취준생,  인바디 취업을 노린다취준생의 삶이란?! 
계속 취업 준비를 해야죠.. ㅎㅎ 이것저것 정보를 찾으며 돌아다녀야지요... (시야를 넓히는 게 중요한 것 같아요!)
그래도 운동은 스킵하지 않습니다! 운동도 열심히 하며
공부도 열심히...!!! 
여러분들도 하루하루 원하는 것을 아주 즐겁게 하시기를 바래요!
즐기는 게 답인 것 같네요.... ㅎㅎ(너무나도 빡빡한 세상에서... 즐기지 않고서는 하루하루가 고될 것 같거든요..)"
2017-03-24,"운동 꿀팁 대방출!│여성 게스트│썸머슈레딩 ep09오늘 영상은 여러 팁들을 가득 담아봤어요.
물론... 사람마다 운동하는 스타일이 달라서 제 방식을
별로라고 생각하거나, 싫어하기까지 하는 분들도 계시겠지만...
초보자분들에게는 큰 도움이 될 것 같아서! 
영상 업로드 합니다 ㅎㅎ
레그프레스, 핵스쿼트, 어깨운동, 래터럴레이즈, 데드리프트에
관한 조그마한 팁들이 곳곳에 나와 있으니 참고해주세요!"
2017-03-26,"가슴운동루틴│대학생활브이로그│썸머슈레딩 ep10가슴운동 루틴을 담은 영상이에요!
역시나 가슴운동은.... 벤치프레스가 가장 큰 비중을 차지하겠죠?!
벤치프레스 위주의 운동을 진행해주시면 좋을 거예요.
시간이 여유 있으신 분들은 벤치프레스 외의 보조운동 추가로 조금 더 진행해주시면 좋구요!
항상 포기하지 마시고 화이팅 하시길 바랍니다!!"
2017-03-28,"정말 면접 처음이었는데... 너무 당황했네요│데드리프트, 브이로그│썸머슈레딩 ep11제가 살면서.... 면접이란 걸 본적이 거의 없어요...
경희대 입학할 때에도 정시 성적만 제출하고 입학을 했거든요....
ㅎㅎ 좋은 기회라 생각하고 다음 면접때는 실수했던 것들 잘 보완해서 임해야겠어요! 이렇게 올리고 떨어지면 그것도 창피한건데....
붙었다고 올리고, 안 붙었다고 안 올리고 하는 건... 노잼인 것 같아서 ㅋㅋㅋㅋㅋㅋㅋㅋㅋㅋㅋㅋㅋ 저도 똥줄타면서 영상 업로드 합니다"
2017-03-30,"새로운 것을 배워보다│하체 & 어깨 운동│썸머슈레딩 ep11새로운 것을 배우는 것은 항상 즐거운 일인 것 같아요 ㅎㅎㅎ
인포그래픽스에 대해 맛보기를 해봤는데
이렇게 듣고 나니 뭔가 또 시도해보고 싶은 생각이
물씬 드네요!
운동도 열심히, 일상생활도 열심히 하시는 여러분들이 되시기를 바랄게요!"
2017-04-01,"유도 동아리 훈련│여성 게스트 두 분(일상, 브이로그)│썸머슈레딩 ep12유도 훈련 영상과 함께
중학교 동창 2명과의 영상을 담아봤어요!
즐겁게 시청부탁드리고, 좋아요 & 구독 눌러주시면 감사드립니다 ㅎㅎ
 - "
2017-04-03,"데드리프트 170kg 2회│대학생활, 브이로그│썸머슈레딩 ep13평범한 대학생의 데드리프트 영상입니다!
저는 현재 서울에 있는 경희대학교에 재학중이고
2017년 7월까지 썸머슈레딩이라는 에피소드로
영상을 업로드하고 있습니다! ㅎㅎㅎ
즐겁게 봐주시고, 좋아요 & 구독 버튼 까지 눌러주시면 정말 감사드립니다!"
2017-04-06,"경희대 놀러온 친구│데드리프트 꿀팁(하체&어깨)│썸머슈레딩 ep14안녕하세요 입니다
오늘은 하체운동과 어깨 운동을 진행했어요 ㅎㅎ 
중간에는 데드리프트에 대해 제게 물어봐주신 분이 계셔서
조금의 팁!?을 드렸습니다 ㅎㅎㅎ 구독자여러분께도 도움이 되기를 바랍니다



the chainsmokers - don't let me down(remix)
benji lewis - why (fransis derelle remix)"
2017-04-09,"힘들고 지칠 땐 다음에│벤치프레스, 브이로그, 대학생활│썸머슈레딩 ep15안녕하세요 입니다 ㅎㅎ
이번에는 벤치프레스 영상과 함께 찾아왔습니다!
즐겁게 편안한 마음으로 시청 부탁드려요!!!
 -"
2017-04-11,"경희대학교 벚꽃놀이(대학생활)│유도 훈련 영상, 브이로그│썸머슈레딩 ep16안녕하세요 입니다! ㅎㅎㅎ
학교에서 중간고사 볼 때 쯤이면 항상... 찾아오는
벚꽃의 시간이 찾아왔어요.
보통... 중간고사 공부도 잠시 내려놓고 꽃을 보러 나오곤 해요 ㅎㅎ
여러분도 아주 바쁜 일이 있더라도, 잠시 꽃 보러 갔다와보세요. 생각이 정리되고, 동시에 기분도 한결 나아집니다!(술은 .... 비추.... ^^)
유도 훈련 영상도 함께 담았으니, 운동영상도 함께 즐겨주시고
다음 영상에서는 데드리프트!로 찾아올게요:d 항상 화이팅하시길!

유튜버 -  올림"
2017-04-12,"평범한 대학생의 데드리프트 180kg +  3대중량 무게는?중간고사 기간입니다.... ㅎㅎㅎ
따로 일상 영상을 편집할 수가 없어서
최근에 진행한 데드리프트 영상과 함께
저의 프로필을 영상에 담아봤어요!
편안한 마음으로 시청해주시면 감사드려요! ㅎㅎㅎ

 - 올림"
2017-04-14,"대학생의 하루.... 중간고사 기간│하체, 어깨 운동│썸머슈레딩 ep17안녕하세요 입니다!(대학생 일상(브이로그)로 찾아왔어요!
중간고사 기간인데.... 공부가 잘 안돼서 편집을.... 하고 말았습니다 ㅋㅋㅋㅋㅋㅋㅋㅋㅋㅋㅋㅋㅋㅋㅋㅋ
 즐겁게! 재밌게 시청해주셨으면 좋겠어요 ㅎㅎ
오늘도 모두 고생하셨고, 주말 즐겁게! 보내시길 바래요:d

 올림"
2017-04-18,"몸무게 75kg, 벤치프레스 115kg 드디어!!!!안녕하세요 입니다!
벤치프레스 신기록에 도전해봤어요. 115kg!
성공했을까요...?!?ㅎㅎ

일상과 함께 열심히 영상편집해봤습니다. 편안한 마음으로 시청부탁드려요!!

스트렝스 훈련 모두 홧팅하세요!

 올림"
2017-04-20,"대학생 시험기간│일상, 데드리프트, 브이로그│썸머슈레딩 ep19안녕하세요 입니다!
중간고사기간이네요 ㅜㅜ! 
끝나고 나면 정말 별 것 아닌 시험기간이지만... 
이 기간동안에는 괜히 신경쓸 게 많아서
오히려 공부도 안 되고 걱정은 많고... ^^
그럴땐 역시 운동!이죠
해야될 일이 잘 안풀리거나, 답답할 때는 운동하러 가보세요. 훨씬 기분이 나아집니다

오늘도 이렇게 시청해주셔서 정말 감사드리고, 다음 영상에서 또 즐거운 모습을 만나요!

유튜버   올림"
2017-04-25,", 서울시 유도대회 출전│경희대학교│썸머슈레딩 ep20다시 한번 출전한 유도대회 영상입니다!
응원나와준 경희대학교 부원들에게 너무나도 감사하고,
경기장에서 만난 구독자님들도 정말 감사해요!

중간고사와 유도대회 모두 끝나버렸네요.
하루 쉬고, 다시 운동 제대로! 시작하겠습니다ㅎㅎ

다음 영상에서 또 즐거운 모습으로 찾아 뵐게요!

 올림"
2017-04-28,"대학교 중간고사 끝│데드리프트, 일상, 브이로그│썸머슈레딩 ep21안녕하세요 입니다.
중간고사가 끝이 났네요!
그리고 벌써 썸머슈레딩 에피소드 21편이에요 ㅎㅎ
5월이 되면 슬슬 먹는 것을 줄이고 다이어트에 본격 돌입하려 합니다. 너무 극단적인 식단은 안 할 예정이에요 ㅎㅎㅎ

이번 영상에서는 데드리프트와 등운동을 함께 담았어요!

편안한 마음으로 시청 부탁드려요!ㅎㅎ

 -  올림"
2017-04-29,"경희대학교 유도부 활약(2017), 편집 - 경희대학교 서울캠퍼스 유도동아리
2017년 서울시회장기유도대회 유도경기 활약상!"
2017-04-30,"평범한 대학생의 100kg 벤치프레스 도전! 몇개?유튜버  : 경희대학교(서울) 재학중(4학년)
체중 : 76kg
3대중량
벤치프레스 : 115kg
스쿼트 : 160kg
데드리프트 : 200kg
밀리터리프레스(ohp) : 75kg"
2017-05-02,"의 댓글읽기│썸머슈레딩 번외편오늘은 댓글!들을 읽어봤어요 ㅎㅎ
운동에 관한 것도 있고,  제 개인적인 것도 있고, 
여러분들이 해준 칭찬 댓글도 있었습니다 ㅎㅎㅎ
항상 댓글 남겨주셔서 정말 감사해요! 

이번 영상에서 못읽은 댓글들은 다음에 기회를 갖고 꼭 읽도록 할게요!

즐거운 연휴 보내시길 바라며!

 올림"
2017-05-03,"대학생의 평범한 하루... │브이로그, 일상, 대학생활│썸머슈레딩 ep23안녕하세요 입니다!
정신없이 보내다보니.... 밀려있던 영상들이 있어서
편집을 해봤어요! 운동영상은 다음 영상에서 올릴게요!!!!

즐겁게 시청부탁드리고, 좋아요 & 구독 꼭 눌러주세요 ㅎㅎㅎ"
2017-05-05,"오늘을 즐겁게...│대학생활, 브이로그, 데드리프트│썸머슈레딩 ep24하루하루 즐겁게 보내다보면
그리고 그 안에서 행복을 느낀다면
내일은 분명 더 나아질 거예요.
모두 포기하지 말고 즐겁게 화이팅 해봐요!

 올림"
2017-05-07,"물 흐르듯이 자연스럽게 다이어트│벤치프레스, 대학생활, 브이로그│썸머슈레딩 ep25안녕하세요 입니다!
항상 즐겁게 긍정적으로 임하시다보면
모든 일이 잘 될 거예요!
모두 화이팅하세요!

벤치프레스 하기 전에는 꼭 어깨 잘 풀어주시구요! ㅎㅎ

다이어트 화이팅
 올림"
2017-05-09,"간단한 맨몸 운동│일상, 대박이, 브이로그│썸머슈레딩 ep26안녕하세요 입니다! 간단한 맨몸운동(홈트) 영상과 함께
브이로그 영상을 가져왔어요 ㅎㅎ
편안한 마음으로 시청 부탁드리고
좋아요와 댓글 남겨주시면 감사드립니다!
한 주 마무리 잘하시구요!!!

 올림."
2017-05-14,"아직은..│어깨운동, 대학생활, 브이로그│썸머슈레딩 ep27어깨 운동에 관한 영상입니다!

항상 몸 건강 챙기세요!!

유튜버  올림."
2017-05-16,"일반인 운동법! 할 수 있다유튜버 : 

일반인 운동방향 설정에 대하여."
2017-05-17,"아플 때는 운동을 쉬어야...의 썸머슈레딩 에피소드 28편!
몸살기운이 싹 가시고, 회복이 되었습니다 ㅎㅎ
다시 3대운동 천천히 하면서 스트렝스를 끌어올리려고 해요
여러분도 함께! 부상조심히 운동해요 :d

 올림"
2017-05-19,"경희대학교 개교기념일썸머슈레딩 에피소드29
좋아요 & 구독 부탁드려요 ㅎㅎ

유튜버  올림"
2017-05-21,"1인 크리에이터 교육받으러!│썸머슈레딩  ep301인 크리에이터 교육 받고 왔습니다!
그리고 맨몸운동도 조금 해줬어요 ㅎㅎ
항상 부상조심하시고 화이팅하세요!
득근!!!

유튜버  올림"
2017-05-25,"롯데월드(놀이공원) 놀러가기롯데월드에 다녀왔어요. 
월요일이었는데, 오후 수업 하나가 휴강이라
더위도 식힐겸 갔다 왔네요 ㅎㅎ
운동은 하체와 어깨를 진행했습니다!
언제나처럼 스트렝스 위주로 진행했고, 다만 보조운동을 조금 더 추가해줬어요

항상 부상조심하시고, 즐거운 운동! 생활! 하시길 바랍니다!
유튜버  올림"
2017-05-27,"tj strength, 티제이 스트렝스 선물안녕하세요 입니다.

티제이 스트렝스 태조님께서 선물을 보내주셨어요!
개봉기 즐겁게 시청 부탁드려요 ㅎㅎ
https://www.youtube.com/channel/ucm3iabjueo1nwtfekypudbg

lisences

running by dj quads https://soundcloud.com/aka incomplete
music provided (not written) by no copyright jamz.
watch: 
download/stream: http://ncs.io/incompleteid
original: https://www.youtube.com/watch?v=uaiqx...

유튜버  - "
2017-05-29,"2017년 5월 26일, 경희대학교 축제!안녕하세요 입니다!
경희대학교 축제 기간인데, 윤하가 왔어요ㅎㅎ
가장 좋아하는 가수라, 열심히 즐기다 왔습니다.
운동은 벤치프레스를 진행했고, 
시작부분에는 유도 영상도 함께 넣었어요

편안한 마음으로 시청부탁드려요! ㅎㅎ 좋아요 & 구독!!

 올림

music lisences

clouds by joakim karud http://soundcloud.com/joakimkarud
music provided by audio library https://youtu.be/yrvbtbmqvpe

song: ikson - breeze (브이로그 no copyright music)
music provided by 브이로그 no copyright music.
video link: https://youtu.be/nr63znh6tqo

song: ikson - new day (브이로그 no copyright music)
music provided by 브이로그 no copyright music.
video link: https://youtu.be/cvamusic
creative commons — attribution 3.0 unported— cc by 3.0 
http://creativecommons.org/licenses/b...
music provided by audio library https://youtu.be/azfkm9x1mp8"
2017-05-31,"3대운동 스트렝스 훈련 브이로그, 썸머슈레딩 ep34안녕하세요 입니다!
영상 즐겁게 봐주셨으면 좋겠어요 ㅎㅎ
좋아요 버튼 꼭 눌러주시구요!! 항상 화이팅!

 올림

vibe with me by joakim karud http://soundcloud.com/joakimkarud
music provided by audio library https://youtu.be/sa 3.0 
http://creativecommons.org/licenses/b...
music provided by audio library https://youtu.be/k8erxvll7wo"
2017-06-06,"서울시 유도대회 3연패(judo competition)안녕하세요 입니다!
제가 2017년 6월 4일 열린 서울시 유도대회에서 또다시 금메달을 수상했어요ㅎㅎ 
많은 분들이 알아봐주셔서 정말 즐거웠고, 부상당하지도 않아서 정말 다행이었습니다.
편안한 마음으로 시청부탁드리고, 항상 득근 하세요!

song: ikson - new day (브이로그 no copyright music)
music provided by 브이로그 no copyright music.
video link: https://youtu.be/cva breeze (브이로그 no copyright music)
music provided by 브이로그 no copyright music.
video link: https://youtu.be/nr63znh6tqo

dreams by dj quads https://soundcloud.com/akaquads
music provided by audio library https://youtu.be/f34ng3fmjyu

great days by joakim karud http://soundcloud.com/joakimkarud
music provided by audio library https://youtu.be/5lhzrunujts"
2017-06-08,"만약  다시 운동(헬스) 초기로 돌아간다면 챙겨야 할 5가지 팁안녕하세요 입니다.
오늘은 제가 운동 초기부터 했으면 좋았을 5가지에 대해 정리해봤습니다.
물론 지금은 많이 고쳐졌지만, 여전히 고관절 모빌러티 같은 경우에는 많이 부족하네요! ㅎㅎ
항상 부상조심하시고 화이팅하세요!
(혹시라도 방학 때 운동 같이 하고 싶은 분은
경희대학교(서울)로 오시면 됩니다 ^^ 인스타로 dm주세요)

great days by joakim karud http://soundcloud.com/joakimkarud
music provided by audio library https://youtu.be/5lhzrunujts
song: ikson - new day (브이로그 no copyright music)
music provided by 브이로그 no copyright music.
video link: https://youtu.be/cva-9jhwbfy"
2017-06-09," 다이어트 중간 점검(74kg)안녕하세요 입니다! ㅎㅎㅎ
2개월 동안의 크리에이터 강좌를 수강중인데...
초콜릿을 주제로 과제가 있었어요! 그래서 저는....
아이디어가 생각이 안나서... 가장 진부한 주제로 
짧게 영상 다뤄봤습니다 ㅋㅋㅋㅋㅋㅋㅋㅋㅋㅋ

dizzy by joakim karud https://soundcloud.com/joakimkarud
music provided by audio library https://youtu.be/xsexba2n6d0"
2017-06-12,"기말고사 기간?! 등운동 깔끔하게│썸머슈레딩 ep35안녕하세요 썸머슈레딩 에피소드35편으로 찾아온 입니다.
이번 영상에서는 평소와는 다르게 루마니안 데드리프트로 훈련을 진행했어요 컨디션이 조금 좋지 않아서 그랬는데, 다음 영상에서는 원래대로 스트렝스 위주의 훈련으로 진행할 거예요 ㅎㅎ

기말고사 기간인데 모두 화이팅하세요!그리고  운동도 빼먹지 마시구요!

 on & on (feat. daniel levi) [ncs release]
https://www.youtube.com/watch?v=k4dybug242c&index=9&list=llfa0g8d8hyuhvdih6xqcog&index=10
https://soundcloud.com/geoxor_official"
2017-06-16,"일주일에 몇 번 운동하세요?!(운동루틴)안녕하세요 입니다!
이번 영상은 저의 운동패턴에 관한 것을 다뤄봤어요
너무 전반적인 내용이라, 실질적으로 적용하기에 무리가
조금 있겠지만, 아마 전체적인 그림을 그리는 데에는 도움이
되실 거예요! 항상 부상조심하시고 즐겁게 운동해요!

song: ikson - balloon (브이로그 no copyright music)
music provided by 브이로그 no copyright music.
video link: https://youtu.be/5atquhchh88"
2017-06-18,"우리 함께 운동하러 가요!(3대 운동)스크린야구에 도전해봤어요 ㅎㅎ 처음이었는데, 익숙해지니까 어떻게 하는지 느낌이 오더라구요. 
여러분도 하는 일이 잘 안풀릴 때! 바로 포기하지 마시고, 조금 시간을 갖고 천천히 다시 도전해보세요. 아마 익숙해지면, 아주 쉽게 해내실 수 있을 거예요.

언제나 그렇듯 우리는 할 수 있습니다.

 올림
o

cool by tobu https://soundcloud.com/7obu
creative commons — attribution 3.0 unported— cc by 3.0 
http://creativecommons.org/licenses/b...
music provided by audio library https://youtu.be/lbmrahehdgm"
2017-06-21,"운동 왜 하는거야?  thank you (브이로그 no copyright music)
music provided by 브이로그 no copyright music.
video link: https://youtu.be/o4rybjthneo

song: wonki - mango (브이로그 no copyright music)
music provided by 브이로그 no copyright music.
video link: https://youtu.be/6pfodmuffdg"
2017-06-21,"경희대학교 기말고사 브이로그시험기간이라는 것... 괜히 공부를 더 안 하게 되는데
스트레스는 더 받는... 그런 극한의 상황인 것 같아요 ㅋㅋㅋ

그러나! 저는 즐겁게! 적당히 공부하며 보냈습니다.
여러분도 너무 스트레스 받지 마시고 즐겁게 마무리 하셨으면 좋겠네요! ㅎㅎ 항상 부상 조시하시고 운동 홧팅하세요!

 x (브이로그 no copyright music)
music provided by 브이로그 no copyright music.
video link: https://youtu.be/le waves (브이로그 no copyright music)
music provided by 브이로그 no copyright music.
video link: https://youtu.be/vmghj_civum

song: vinil - my feelings for you (ft. leah mccrae) (브이로그 no copyright music)
music provided by 브이로그 no copyright music.
video link: https://youtu.be/wv6vdehxtc8"
2017-06-23,"스쿼트(하체) & 어깨(밀리터리 프레스) 조합 훈련 썸머슈레딩 에피소드
스쿼트 & 어깨 운동
 rain check
music provided by no copyright jamz
https://soundcloud.com/eventide_music"
2017-06-24,"데드리프트 190kg 가능?! with 데드리프트 소녀│썸머슈레딩 ep39데드리프트 소녀와 함께 카페 그리고 헬스 타임을 가졌습니다.
그리고 컨벤셔널 190kg에 성공했구요!
3대운동 중에서 데드리프트를 가장 좋아하다보니... 
데드리프트에서 항상 좋은 결과가 나오는 것 같아요!

여러분들도 부상 항상 조심히 운동 즐겁게 하시기를 바라며!

 올림.

 giving in (feat. mees van den berg) [ncs release]
music provided by nocopyrightsounds.
watch:https://youtu.be/dujbtogoeru
download/stream: http://ncs.io/givinginyo

song: wonki - mango (브이로그 no copyright music)
music provided by 브이로그 no copyright music.
video link: https://youtu.be/6pfodmuffdg"
2017-06-26,"함께 운동한다는 것, 브이로그│썸머슈레딩 ep40벤치프레스를 함께 진행해봤습니다 ㅎㅎ
항상 운동은 즐겁게! 무리하지 않는 게 중요하겠죠?!
저는 여전히 3대운동을 스트렝스 위주로 진행하고 있어요.
여러분들도 한 번 도전해보는 게 어떨까요~? 

 올림
 matafaka (feat. marvin divine)
music provided by no copyright jamz.
watch: 
download/stream: http://ncs.io/matafaka

always (브이로그 music) by dj quads https://soundcloud.com/akaquads
music provided by audio library https://youtu.be/jiie1ezj4cs"
2017-06-29,"등운동 자극 영상등 운동 루틴 입니다!
간단하게 정리돼있어서
쉽게 따라하실 수 있을 거예요!
항상 부상 조심히! 3대운동 위주로
화이팅 하세요!

 올림
 incomplete
music provided (not written) by no copyright jamz.
watch: 
download/stream: http://ncs.io/incompleteid
original: https://www.youtube.com/watch?v=uaiqx..."
2017-06-30,"여자 운동 동기부여(workout motivation for women)여자 운동 동기부여 영상 만들어봤어요!
모두 힘내고 화이팅! 부상 조심하시구요 ㅎㅎㅎ
 올림
 link [ncs release]
music provided by nocopyrightsounds.
watch: https://youtu.be/9ihm6x6uuh8
download/stream: http://ncs.io/linkyo"
2017-07-02,"실패 했지만...새로운 도전│썸머슈레딩 ep413대운동과 더불어 스트렝스 훈련에서 가장 중요한
밀리터리 프레스 신기록에 도전해봤어요!
결과는 영상에서 ㅎㅎㅎ

 올림


almost original (instrumental) by joakim karud http://soundcloud.com/joakimkarud
music provided by audio library https://youtu.be/r20_9c0fzgk

song : cartoon - on & on (feat. daniel levi) [ncs release]
https://www.youtube.com/watch?v=k4dybug242c&index=9&list=llfa0g-8d8hyuhvdih6xqcog
soundcloud https://soundcloud.com/cartoonbaboon"
2017-07-06,"재미어트도 울고 갈 맨몸운동(홈트레이닝)맨몸운동 ^^
 balloon (브이로그 no copyright music)
music provided by 브이로그 no copyright music.
video link: https://youtu.be/5atquhchh88"
2017-07-06,"등을 다쳤다...│썸머슈레딩 ep 42등이 잠깐 놀라서... 고생을 했는데 
다행히도 괜찮아졌네요! ㅎㅎㅎ
여러분 운동할 때 꼭 몸 잘 풀고 하세요! 그리고
운동 마무리 할 때에도 꼭! 정리운동 해주시구요! ㅎㅎ

 올림

"
2017-07-10,"몸무게 75kg, 스쿼트 165kg 성공할 수 있을까? weakness [ncs release] 
music provided by nocopyrightsounds.
download: http://ncs.io/weakness"
2017-07-14," 채널을 발표하다│유도 훈련 영상│썸머슈레딩 ep44크리에이터 아카데미 기본과정을 수료하였습니다 ㅎㅎ
다음주부터 심화과정에 들어가게 됐구요.
운동은 유도영상 함께 넣었어요! 즐겁게 시청부탁드립니다:d
"
2017-07-16,"여행가서도 운동하는 팁(강원도 인제 편)여행가서도 운동할 수 있는 팁 몇가지! 준비했어요 ㅎㅎ

턱걸이는 언제든 최고입니다
 king james
music provided by no copyright jamz.
watch: 
download/stream: https://soundcloud.com/nategoodmusic/..."
2017-07-17,독일로 돌아간 유학생glude
2017-07-19,"새로운 헬스장, 운동브이로그이제 서울을 완전히 떠나고, 
인천에서 생활합니다! ㅎㅎ
"
2017-07-20,"브이로그용 카메라, 파나소닉 lx10드디어 드디어 드디어! 새로운 카메라!!!!
glude"
2017-07-21,"예쁜 가슴 만들기(기본에 대하여)
buddha by kontekst https://soundcloud.com/kontekstmusic
creative commons — attribution 3.0 unported— cc by 3.0 
http://creativecommons.org/licenses/b...
music provided by audio library https://youtu.be/b6jk2t3lcrs"
2017-07-26,"[유도]여자 유도 선수와의 대결, 브이로그 hover (feat. helen tess) [ncs release]
music provided by nocopyrightsounds.
watch: https://youtu.be/j51bixo4zbe
download/stream: http://ncs.io/hovercr

song: artegon - paradise (브이로그 no copyright music)
music provided by 브이로그 no copyright music.
video link: https://youtu.be/gtt66l0y3do"
2017-07-26,"데드리프트 훈련, 어떻게 하세요?데드리프트와 함께! 평범한 일상을 담았어요
다음영상에서 봬요!
quads
music provided by audio library https://youtu.be/f34ng3fmjyu"
2017-07-27,"대학생 여름방학 운동 브이로그오늘도 즐겁게!

 smells like summer (브이로그 no copyright music)
music provided by 브이로그 no copyright music.
video link: https://youtu.be/jhdlmzbpzq8

song: wonki - mango (브이로그 no copyright music)
music provided by 브이로그 no copyright music.
video link: https://youtu.be/6pfodmuffdg"
2017-07-28,"가슴운동 자극영상workout motivation for men

"
2017-07-29,"3인칭 시점으로 바라본 유튜버편안한 마음으로 즐겁게 봐주셨으면 좋겠습니다.....ㅎㅎㅎ
더운데 모두 힘내시구요!

촬영 : 우키는tv https://www.youtube.com/user/ukymatin
"
2017-07-30,"혼자서 스시부페를 가다, 운동휴식 브이로그운동을 쉬었습니다 ㅎㅎ 휴식 날의 브이로그 올려봐요!
편안하게 시청부탁드려요

 올림

 balloon (브이로그 no copyright music)
music provided by 브이로그 no copyright music.
video link: https://youtu.be/5atquhchh88"
2017-07-31,"몸무게 75kg의 데드리프트 200kg?! 브이로그제가 드디어 컨벤셔널 데드리프트... 200kg에 성공하였습니다!
자세가 많이 흐트러졌는데.... 다음번에는 더 연습하여
완벽한 자세로 수행할게요! ㅎㅎㅎ

 mango (브이로그 no copyright music)
music provided by 브이로그 no copyright music.
video link: https://youtu.be/6pfodmuffdg

bvrnout - take it easy (feat. mia vaile) [ncs release]
music provided by nocopyrightsounds.
watch: https://youtu.be/i_q8_kcjl3s
free download / stream: http://ncs.io/takeiteasyyo

 giraffe squad - wait for me [ncs release]
music provided by nocopyrightsounds.
video link: https://youtu.be/rgw_i8sak1o
download/stream: http://ncs.io/waitformecr"
2017-08-03,"[ 혼밥시리즈] 라면을 먹을건데...처음 도전하는 먹방 이야기. 
사실 푸념들을 많이 늘어놓았습니다 ㅋㅋㅋㅋㅋㅋ
그럼에도!
잘 부탁 드립니다!!
 올림

 waves (브이로그 no copyright music)
music provided by 브이로그 no copyright music.
video link: https://youtu.be/vmghj_civum

song: ikson - new day (브이로그 no copyright music)
music provided by 브이로그 no copyright music.
video link: https://youtu.be/cva-9jhwbfy"
2017-08-04,"썸네일 제목이 생각나지 않는 날도..
buddha by kontekst https://soundcloud.com/kontekstmusic
creative commons — attribution 3.0 unported— cc by 3.0 
http://creativecommons.org/licenses/b...
music provided by audio library https://youtu.be/b6jk2t3lcrs"
2017-08-06," 주짓수 대회 참가 브이로그 (long edited version)안녕하세요 입니다!
새로운 시도를 해봤어요! 제가 주짓수 대회에 나갔습니다 ㅎㅎ
우승은 못했지만... 의미 있는 도전이었던 것 같아요
편하게 즐겨주세요 ㅎㅎ

 paper crowns (feat. leo the kind) [ncs release] 
music provided by nocopyrightsounds.
download/stream: http://ncs.io/papercrownscr"
2017-08-07,"유도(judo)하는 사람이 주짓수(jiu-jitsu) 대회 나갔을 때안녕하세요 입니다!
저번영상은 브이로그형식으로 조금 길었다면,
이번영상은 제가 사용한 기술들만 짧게 정리해봤습니다! 
모두 득근하세요!  paper crowns (feat. leo the kind) [ncs release] 
music provided by nocopyrightsounds.
download/stream: http://ncs.io/papercrownscr"
2017-08-08,"잠시 여유를 갖고, 운동 브이로그안녕하세요 입니다
스쿼트 훈련을 짧게 해봤고, 나머지는.... 음 여유있게 보냈어요 ㅋㅋ 편안한 마음으로 시청부탁드려요!
 so happy [ncs official video]
music provided by nocopyrightsounds.
watch: https://youtu.be/cmvdgwl5548
free download / stream: http://ncs.io/sohappyyo"
2017-08-11,"밤샘, 운동브이로그, 데드리프트안녕하세요 입니다!
지원할 프로젝트가 있어서, 밤을 샜네요ㅜㅜ
여러분은 할 일 미리미리 마무리 하셔서, 
밤새는 일 없도록 하세요! 홧팅!!

 you and me (브이로그 no copyright music)
music provided by 브이로그 no copyright music.
video link: https://youtu.be/8hjsl7aijng

frank pierce & drop science ft. stephanie fellas - highlife
https://www.youtube.com/watch?v=ctkcyhl_kzm
• frank pierce
https://soundcloud.com/frankpierce
https://www.facebook.com/thatkidfp
https://twitter.com/thatkidfemi"
2017-08-14,"운동유튜버, 가슴운동브이로그(벤치프레스)여러분 안녕하세요 입니다!
오늘도 홧팅하시구요:d


 lost (feat. savoi) [sunroof remix] | ncs release
music provided by nocopyrightsounds.
watch: https://youtu.be/vkahowm3ry0
download/stream: http://ncs.io/lostsunroofremixyo

clouds by joakim karud http://soundcloud.com/joakimkarud
music provided by audio library https://youtu.be/yrvbtbmqvpe"
2017-08-16,"운동 강제 휴식, 파티 고고 일상,브이로그여러분 안녕하세요 입니다!
오늘은 운동을 못담았어요....
영상 보면 아시겠지만.... 술을 조금.... 많이.... ㅋㅋㅋㅋㅋㅋㅋㅋ
무튼! 오늘도 즐겁게 시청부탁드리고 좋아요, 구독 눌러주세요!
 where do i go (feat. ezra james)
music provided by nocopyrightsounds.
video: https://youtu.be/vrd8udwrmx0"
2017-08-18,"스트렝스 훈련 jim wendler, 5/3/1 시작,   운동브이로그안녕하세요 입니다!
제가 운동프로그램을 새로 시작했습니다
짐웬들러 531 프로그램인데, 
4주 프로그램을 같이 한번 달려봅시다!! 홧팅!

 paper crowns (feat. leo the kind) [ncs release] 
music provided by nocopyrightsounds.
download/stream: http://ncs.io/papercrownscr

dreams by joakim karud https://soundcloud.com/joakimkarud
creative commons — attributionsa 3.0 
http://creativecommons.org/licenses/b...
music provided by audio library https://youtu.be/vf9_dco6jt4"
2017-08-20,"스쿼트, 데드리프트 나는 이렇게 한다! 운동 브이로그스쿼트와 데드리프트 훈련에 대한 개인 훈련 영상 입니다 ㅎㅎ
즐겁게 시청 부탁드려요!

 올림
"
2017-08-23,"다시 찾은 후쿠오카, 티져 영상(fukuoka, japan)운동 유튜버  "" 다시찾은 후쿠오카 에피소드"" 시작

편안한 마음으로 시청 부탁드려요! ㅎㅎ 

 올림
 restart
https://www.youtube.com/watch?v=3riyirotjfw
pokki dj
https://facebook.com/pokkidjofficial"
2017-08-24,"다시 찾은 후쿠오카 ep 01 (fukuoka, japan)다시 찾은 후쿠오카 에피소드 1편입니다!
편안한 마음으로 시청 부탁드려요 ㅎㅎ

 올림

 don’t let it go (feat. brado sanz) [ncs release]
music provided by nocopyrightsounds.
watch: https://youtu.be/hgxtg8jdvzu
download/stream: http://ncs.io/dontletitgocr"
2017-08-26,"다시 찾은 후쿠오카 ep 02 (fukuoka, japan)다시찾은 후쿠오카 에피소드 2편입니다!
마지막 부분에 흔들림이 조금 심하네요ㅜㅜㅜ
양해부탁드려요!
다음 에피소드 3편 업로드 전에, 운동 브이로그 한편 올릴게요 ㅎㅎ

 light up the sky (feat. soundr)[ncs release] 
music provided by nocopyrightsounds.
video link: https://youtu.be/fscnynaswpk
download/stream: http://ncs.io/lightuptheskycr

 eventide  platform 9 [ncs release] 
music provided by nocopyrightsounds.
watch: https://youtu.be/exv_sf_afso
download/stream: http://ncs.io/platform9cr"
2017-08-28,"서울시 유도대회 참가 브이로그(2017, 08월)안녕하세요 입니다!
지난 번에 올렸던 유도 하이라이트 영상의
긴 버전입니다! 즐거운 시청 부탁드려요 ㅎㅎ
"
2017-08-28," 유도대회 하이라이트(2017, seoul)안녕하세요 입니다!
후쿠오카 여행 에피소드를 진행하는 중간에,
유도 대회가 있어서, 대회를 마치고 유도 영상을 편집했어요.
대회 브이로그는 곧 편집해서 올릴게요!
"
2017-08-29,"다시 찾은 후쿠오카 ep 03 (fukuoka, japan) free [ncs release] 
music provided by nocopyrightsounds.
video: https://youtu.be/9va88kt0nn0"
2017-08-30,"짐웬들러 스트렝스 루틴 1주차 │ 운동브이로그
전공 : 생물학, 취미 : 유도, 파워리프팅, 헬스
e balloon (브이로그 no copyright music)
music provided by 브이로그 no copyright music.
video link: https://youtu.be/5atquhchh88

song: ehrling - you and me (브이로그 no copyright music)
music provided by 브이로그 no copyright music.
video link: https://youtu.be/8hjsl7aijng

glude glude"
2017-09-01,"운동 초보도 스트렝스가 필요할까? 내츄럴운동스트렝스 훈련 시트
http://goo.gl/ez20go

"
2017-09-02,"면접결과 발표│운동브이로그스트렝스 훈련 1주차 드디어 마무리 했습니다!
짐웬들러 5/3/1 진행하고 있구요ㅎㅎ
"
2017-09-03,"다시 찾은 후쿠오카 ep 04 (fukuoka, japan)스미요시 신사, 그리고 후쿠오카 타워를 다녀왔어요 ㅎㅎ
"
2017-09-04,"네추럴 스트렝스 루틴(벤치프레스 편)스트렝스 루틴! 짐웬들러 5/3/1을 수행중입니다.
"
2017-09-05,턱걸이 8x8 같이 해요
2017-09-08,"데드리프트 180kg 3회 성공 │ 대학교 개강대학교 개강했습니다 주르륵....

"
2017-09-10,"다시 찾은 후쿠오카, 마지막 (fukuoka, japan)
전공 : 생물학, 취미 : 유도, 파워리프팅, 헬스
e"
2017-09-11,"추석 대비, 초간단 홈트 운동 루틴?!버피 테스트 3x20
스쿼트&프레스 3x15
풀업(턱걸이) 3x8


전공 : 생물학, 취미 : 유도, 파워리프팅, 헬스
e"
2017-09-14,"2분할? 5분할? 운동에 답은 있다
전공 : 생물학, 취미 : 유도, 파워리프팅, 헬스
e together (feat. shauna cardwell)
https://www.youtube.com/watch?v=rbcbq5gisdo
credits
• lyoko
https://youtube.com/c/lyokomusic
https://soundcloud.com/lyokomusicoffi...
https://instagram.com/lyokomusicofficial"
2017-09-16,"대학생활 다시 시작(어깨 운동)│ 운동브이로그
전공 : 생물학, 취미 : 유도, 파워리프팅, 헬스
e vessel [ncs release] 
music provided by nocopyrightsounds.
watch: https://youtu.be/pxf4rkguwdi
download/stream: http://ncs.io/vesselcr"
2017-09-17,"스쿼트에 깔리다니...(구독자와 함께한 운동)여러분 안녕하세요! 입니다.
오늘 부터 10주간,
지난번에 말씀드렸던 경기콘텐츠진흥원에서의 지원 하에
영상을 제작할 예정이에요. 
마지막 5초간 경기콘텐츠진흥원 로고가 나오더라도 
놀라지 않으셨으면 하는 바람에서... ㅎㅎㅎ

 올림
 courage [ncs release]
music provided by nocopyrightsounds.
free download / stream: http://ncs.io/courageyo"
2017-09-19,"160kg 스쿼트 2회, 체중 75kg안녕하세요 입니다!
1rm이 160kg 이던 때도 있었는데, 160kg 2회에 성공하는 날도 오네요! 비오는 저녁 운동하러 온 성과인 것 같아서 더 기뻐요! 너무 기뻐서 편집도 안 하고 핸드폰으로 바로 올리네요ㅜㅜ 풀버전은  이번주 내로 편집해서 얼른 올릴게요!!"
2017-09-21,"30분만에 끝내는 벤치프레스│ 운동브이로그학교 가기 전 30분만에! 끝내는 벤치프레스를 담았어요 ㅎㅎ
그리고 그 외의 대학생활과 데드리프트 영상도 담았습니다.
즐겁게 시청 부탁드려요!
(이 영상은 경기콘텐츠진흥원의 지원을 받아 제작되었습니다.)
 horizon (브이로그 no copyright music)
music provided by 브이로그 no copyright music.
video link: https://youtu.be/g845f6orcoc"
2017-09-22,"불합격, 그리고 부산 여행다시 한번 투표에 참여해주신 분들!
감사드립니다 ㅎㅎ
부산 여행 충분히 즐기고 돌아올게요!
영상 기대해주세요 :d
"
2017-09-24,"혼자 떠난 부산여행, 티저혼자 떠난 부산여행이었습니다. 그리고 생애 첫! 부산여행이기도 하구요. 즐겁게 시청부탁드리고, 풀 영상은 이번주 내로 올리도록 할게요! 감사합니다 ㅎㅎ
"
2017-09-26,"대학생 몸무게 75kg, 스쿼트 170kg 1회안녕하세요 입니다! ㅎㅎㅎ 
스쿼트에 꽤나 집중을 하고 있는데 170kg 새로운 기록에 성공하였습니다! 풀 영상 얼른 올릴게요!"
2017-09-28,"디어유와의 합동 방송!(스쿼트 160kg 2회  영상)유튜버 디어유! 님과의 합동방송을 진행했습니다!
그리고 스쿼트 160kg 2회 성공!
편안한 마음으로 시청부탁드리고 다음 영상에서 만나요!
디어유님 인스타 : https://www.instagram.com/dearyou_j/
디어유님  채널 : https://www.youtube.com/channel/ucvk1hfrfjuaimefc0uwxzzq

 take it easy (feat. mia vaile) [ncs release]
music provided by nocopyrightsounds.
watch: https://youtu.be/i_q8_kcjl3s
free download / stream: http://ncs.io/takeiteasyyo"
2017-09-29,"생애 첫 부산여행 1편(데드리프트&스쿼트)생애 첫 부산여행 1편입니다!
데드리프트와 스쿼트 영상도 함께 다뤘어요 ㅎㅎ
즐거운 시청부탁드려요!

 captions
https://www.youtube.com/watch?v=lqb6kux7mym
eventide
https://open.spotify.com/artist/2lxd6...
https://twitter.com/eventide_music
https://instagram.com/eventide_music
https://facebook.com/theeventidemusic"
2017-09-30,"데드리프트 205kg(몸무게75kg)스모 데드리프트 205kg에 성공했어요 ㅎㅎㅎ 아마 컨벤셔널 데드리프트 훈련이 도움이 된거같아요 
추석연휴 모두 즐겁게 휴식하시고, 운동도 꾸준히 합시다!!"
2017-10-01,"그녀가 돌아왔다(티저 영상) show me (feat. carly lind)
• heroboard – free music to free your mind
» twitter: https://twitter.com/heroboard
» spotify: http://sptfy.com/wdk
• matte
https://soundcloud.com/matt_is_matte
https://instagram.com/mattmattematt"
2017-10-02,"추석 연휴, 그녀가 돌아왔다(full version)함께 운동을 진행하며, 운동 동기부여 영상을 한번 만들어봤습니다!
편안한 마음으로 시청 부탁드려요! 그리고 추석 즐겁게 보내시구요 ㅎㅎ
 show me (feat. carly lind)
• heroboard – free music to free your mind
» twitter: https://twitter.com/heroboard
» spotify: http://sptfy.com/wdk
• matte
https://soundcloud.com/matt_is_matte
https://instagram.com/mattmattematt"
2017-10-02,"여자가 유도를 배우면?요즘 여성분들이 주짓수를 많이 배우더라구요!
유도도 한번 도전해보는 것이 어떨까요?!
 running [ncs release]
music provided by nocopyrightsounds.
watch: https://youtu.be/y5tnyaz31b0
free download / stream: http://ncs.io/runningyo"
2017-10-03,"처음 먹어본 야키니쿠 그리고 스쿼트 170kg야키니쿠라는 것을 처음 먹어봤어요 
진짜... 입에서 살살 녹는게 최고네요 ㅋㅋㅋㅋ
그리고 전에 올렸던 스쿼트 170kg 풀영상도 함께 담았습니다!
즐거운 시청 부탁드리고 구독과 좋아요도 꼭 눌러주세요 ㅎㅎ
 올림

유튜버 엄세훈(네이버tv -축구하는여자)
http://naver.me/50wvbnry
 alanah
heroboard – free music to free your mind
» twitter: https://twitter.com/heroboard
» spotify: http://sptfy.com/wdk
• zivøn
https://instagram.com/zivonmusic_
https://twitter.com/zivonmusic
https://soundcloud.com/zivonmusic
https://shazam.com/artist/203767691/z...
https://open.spotify.com/artist/5bxih..."
2017-10-05,"생애 첫 부산여행 2편(태종대, 광안리, 스파랜드)부산여행 2편
태종대, 남포동, 깡통시장, 광안리 수변공원, 신세계 팬텀시티, 스파랜드, 서울역

yonge
https://www.instagram.com/chrisyonge/
https://twitter.com/realchrisyonge
https://www.facebook.com/realchrisyonge
https://www.youtube.com/user/cristilflow

picture https://unsplash.com/photos/cbzv38dlyn4"
2017-10-08,"운동 장비 & 새로운 운동복│추석연휴 브이로그(힘콩 특별출연!)리프팅할 때 사용하는 장비들과 새로산 운동복들에 대해 다뤄봤습니다. 그리고 추석연휴 브이로그도 함께!
운동은 벤치프레스를 진행했고, 감기 몸살 기운이 있어서 아주 고강도로 하지는 못했습니다.

모두 득근하시고 화이팅!
(아! 그리고 힘콩형님도 출연하십니다 ㅋㅋㅋ)

 올림

 paradise (브이로그 no copyright music)
music provided by 브이로그 no copyright music.
video link: https://youtu.be/gtt66l0y3do

clouds by joakim karud http://soundcloud.com/joakimkarud
music provided by audio library https://youtu.be/yrvbtbmqvpe


[electro pop] lunar - pretty face
heroboard – free music to free your mind
» twitter: https://twitter.com/heroboard
» spotify: http://sptfy.com/wdk

• lunar
https://soundcloud.com/lunargotmusic
https://twitter.com/lunargotmusic"
2017-10-10,"[ 유도]생활 체육과 엘리트 체육의 차이???!11월 유도대회를 준비하기 위해, 선수출신 분들과
연습을 진행하였습니다! 많이들 봐주시고, 꿀팁도 알려주셔서
경기를 통한 것 뿐만 아니라, 그외의 잡기, 몸쓰기 등에서 
많은 도움을 받았어요. 조금 자극적일 수 있는 썸네일은 죄송! 합니다 ㅎㅎ

 올림
 free [ncs release] 
music provided by nocopyrightsounds.
video: https://youtu.be/9va88kt0nn0"
2017-10-13,"불닭볶음면과 스팸이 먹고 싶었을 뿐,  운동브이로그(데드리프트)안녕하세요 입니다!
이번에도 영상이 기네요... ㅎㅎ 
저번 영상에서 긴 영상이 좋다고 하신 분들이 많아서
한번 또 길게 만들어봤어요!
즐거운 시청 부탁드려요 항상 화이팅!

 올림

 elysium [ncs release]
music provided by nocopyrightsounds.
watch:https://youtu.be/qmzwdrvfkdm
download/stream: http://ncs.io/elysiumyo"
2017-10-17,"가끔은 데드리프트에 깔리기도... 운동브이로그데드리프트 210kg 도전하러 갔다가, 195kg에 깔려버렸네요
저처럼.... 무리하지 마시고 천천히! 훈련 즐기며 해주세요 ㅎㅎ
항상 화이팅입니다!! 
jpmolj0
free download / stream: http://ncs.io/holdonyo"
2017-10-21,"[ 유도] 자유연습 기술 편집(judo randori)안녕하세요 입니다 ㅎㅎ

유도 자유연습 영상을 편집해봤어요.

중간고사 끝나면 중간고사 브이로그도 얼른 올리도록 할게요

항상 화이팅 득근!

 올림

music
cool by tobu https://soundcloud.com/7obu
creative commons — attribution 3.0 unported— cc by 3.0 
http://creativecommons.org/licenses/b...
music provided by audio library https://youtu.be/lbmrahehdgm"
2017-10-22,"[ 혼밥시리즈] 짜파게티 그리고 진솔한 이야기여러분 안녕하세요! 입니다

짜파게티를 먹으며... 요즘 근황에 대해! 이야기 해봤어요.

아마 공감되시는 분들도 있고 안 되시는 분들도 있겠지만...

편안한 마음으로 시청부탁드려요! ㅎㅎ

 올림

music"
2017-10-24,"시험기간?? 운동 먼저, 중간고사브이로그안녕하세요 입니다
중간고사기간이 이제 거의 끝이 보이네요!
사실 아직 중간고사가 안끝났어요 ㅋㅋㅋㅋㅋ
공부하기 싫어서 영상 편집했습니다.... 하핫....
모두 운동 항상 화이팅하시고
다음 영상에서 만나요!

 올림

 show me (feat. carly lind)
• heroboard – free music to free your mind
» twitter: https://twitter.com/heroboard
» spotify: http://sptfy.com/wdk
• matte
https://soundcloud.com/matt_is_matte
https://instagram.com/mattmattematt"
2017-10-25,"195kg 데드리프트 자세 확인중간고사 끝나자마자 데드리프트하러 갔습니다!! ㅋㅋㅋㅋ 모두 득근하세요 ㅎㅎ

 올림"
2017-10-26,"새로운 유도복, 그리고 허리부상(중간고사 끝)안녕하세요 입니다!
유도복이 새로 왔어요. 그리고 저는 허리를 살짝! 다쳤습니다 ㅜㅜ
심각하게 다친 건 아니라서, 아마 금방 회복할 것 같긴해요 ㅋㅋ
여러분들도 항상 운동할 때 조심하시구요!!
다음 영상에서 만나요!

 올림

sa 3.0 
http://creativecommons.org/licenses/b...
music provided by audio library https://youtu.be/vf9_dco6jt4"
2017-11-02,"도쿄 & 츠쿠바 홀로 여행 (tokyo & tsukuba) 티저 영상안녕하세요 입니다.
오랜만에 영상으로 찾아왔네요!
이번에 도쿄에 4박 5일동안 갔다 왔어요.
(2017.10.27~2017.10.31)
짧은 영상 안에 담아봤고, 남은 영상들은 에피소드 형식으로
천천히 업로드할게요!

오늘도 시청해주셔 감사합니다.

 올림.

 scars

heroboard – free music to free your mind
» twitter: https://twitter.com/heroboard
» spotify: http://sptfy.com/wdk

• mae krell
https://facebook.com/maekrellmusic
https://instagram.com/maekrell
https://twitter.com/maekrell
https://soundcloud.com/maekrell
https://open.spotify.com/artist/5ojhi..."
2017-11-03,"홀로 떠난 도쿄│츠쿠바 대학교 유도│ep 01안녕하세요 입니다.

도쿄 여행의 첫 에피소드! 드디어 편집이 끝났네요.
영상이 길어지더라도 최대한 에피소드를 짧게 하려고 하는데...
과연 뜻대로 될지는 모르겠어요 ㅎㅎ

츠쿠바 대학교에서 함께 유도를 하고 다시 도쿄로!!!

편안한 마음으로 시청 부탁드리고,  다음 영상에서 또 만나요!

 올림

be more positive.
 coloring books
heroboard – free music to free your mind
» twitter: https://twitter.com/heroboard
» spotify: http://sptfy.com/wdk

• miros
https://soundcloud.com/mirossound
https://instagram.com/mirossound
https://twitter.com/mirossound
https://facebook.com/mirossound
https://youtube.com/channel/uct64zh4i...
https://www.orfium.com/profile/miros"
2017-11-08,"블루보틀!!│새로운 친구│ep 02안녕하세요 입니다.
도쿄 여행 영상 두번째! 입니다.
편안한 마음으로 시청 부탁드려요!

 올림.
 horizon [proximity release]

heroboard – free music to free your mind
» twitter: https://twitter.com/heroboard
» spotify: https://is.gd/elemud

• steerner
https://soundcloud.com/steernermusic
https://www.facebook.com/steerneroffi...
https://twitter.com/steerner

• kavela
http://facebook.com/kavelamusic
https://soundcloud.com/kavelamusic

• matthew steeper
https://facebook.com/matthewsteeperof..."
2017-11-10,"[ 홈트] 비오는 주말을 위한 간단 홈트, 맨몸운동안녕하세요 입니다.
주말을 위해! 홈트레이닝 영상 하나를 만들어봤어요.
집에서 푹 쉬면서 잠깐! 시간내서 하시면 좋을 것 같아요
항상 화이팅 입니다!
 올림
 summer love
https://www.youtube.com/watch?v=jiybnf45et0
• deamn
http://www.deamn.com
http://youtube.com/deamnmusic
http://soundcloud.com/deamnmusic
http://facebook.com/deamnmusic
http://instagram.com/deamnmusic
http://twitter.com/deamnmusic"
2017-11-13,"홀로 떠난 도쿄│본격 라멘 먹방│ep 03안녕하세요 입니다 ㅎㅎ
도쿄 에피소드3편 편집했어요.
편안한 마음으로 시청부탁드리고
모두 부상조심히 운동 화이팅하세요!
 올림
 here tonight [proximity release]
heroboard – free music to free your mind
» twitter: https://twitter.com/heroboard
» spotify: https://is.gd/elemud
• paris & simo:
https://soundcloud.com/parisandsimo
http://facebook.com/parisandsimo
http://twitter.com/parisandsimo

• jakko:
https://soundcloud.com/jakkomusic
http://www.facebook.com/jakkomusic
http://twitter.com/jakkomusic

• paul aiden:
https://www.facebook.com/thepaulaiden
https://soundcloud.com/paulaiden"
2017-11-14,"인바디 채용설명회, 유도 훈련 영상│운동브이로그안녕하세요 입니다.
인바디 채용설명회에 다녀왔어요.
그리고 평범한 대학생활과.... 유도 영상 담았습니다.
편안한 마음으로 시청부탁드려요!

 올림

music"
2017-11-17,"올해의 목표, 그리고 3주 만의 데드리프트안녕하세요 입니다.
오랜만에 데드리프트 영상으로 찾아온 것 같아요!
저처럼 .... 부상당하지 마시고 건강하게! 운동하시길 바래요!

 올림
 lost (feat. savoi) [sunroof remix] | ncs release
music provided by nocopyrightsounds.
watch: https://youtu.be/vkahowm3ry0
download/stream: http://ncs.io/lostsunroofremixyo"
2017-11-17,"유도 프로선수와 아마추어의 차이... 넘사벽?!안녕하세요 입니다 
겨울인데 모두 감기 조심하시고
운동 화이팅하세요!

 올림

music"
2017-11-18,"태풍오는날 도쿄에서...오늘 영상도 즐겁게 시청부탁드려요!

도쿄 여행!
 your stories (feat. koit toome)  [ncs release]
track: raven & kreyn - call me again [ncs release]
music provided by nocopyrightsounds.
watch: https://youtu.be/embs5qm06cw
free download / stream: http://ncs.io/callmeagainyo"
2017-11-20,"친구와 함께한 가슴 운동(그리웠던 오프닝)안녕하세요 입니다.
오늘은 친구와 함께! 벤치프레스를 진행해봤어요. 사실 손목이 좋지 않아서 제대로 하지 못했지만... ㅋㅋㅋ 편안한 마음으로 시청 부탁드려요!

 올림

music"
2017-11-21,"도쿄의 가부키쵸 밤거리를 홀로 걸었을 뿐.안녕하세요 입니다.
일본 도쿄 에피소드도 어느새 마지막 한 편을 남겨두고 있네요.
끝까지! 지켜봐주세요 ㅎㅎ 항상 감사합니다.

 올림

music"
2017-11-22,"피트니스 대회를 보고 깨달음을 얻었는데...안녕하세요 입니다.

피트니스 대회 보고 큰 자극을 받았으나,

치킨과 햄버거를 포기하진 않았습니다.

 올림.
 alanah
heroboard – free music to free your mind
» twitter: https://twitter.com/heroboard
» spotify: http://sptfy.com/wdk
• zivøn
https://instagram.com/zivonmusic_
https://twitter.com/zivonmusic
https://soundcloud.com/zivonmusic
https://shazam.com/artist/203767691/z...
https://open.spotify.com/artist/5bxih..."
2017-11-22,"처음 가본 피트니스 대회(teaser)안녕하세요 입니다! 
제가 처음으로 피트니스 대회에 구경을 갔어요
이유는... 사촌동생이 참가했기 때문입니다 ㅋㅋ
https://www.instagram.com/eun_eee43/

영상이랑 사진 찍어주고 왔는데, 본 영상이 아직 편집이 덜끝나서
티저 영상부터 업로드 합니다!

편안한 시청 부탁드려요

 올림.

 summer love
https://www.youtube.com/watch?v=jiybnf45et0
• deamn
http://www.deamn.com
http://youtube.com/deamnmusic
http://soundcloud.com/deamnmusic
http://facebook.com/deamnmusic
http://instagram.com/deamnmusic
http://twitter.com/deamnmusic"
2017-11-24,"드디어 다시 스트렝스(스쿼트 편)안녕하세요 입니다.
정말 오랜만에 스트렝스 훈련으로 찾아왔네요!
아직은 완벽하게 프로그램을 돌리는 건 아니고
무게를 슬슬 올려가는 중입니다!

항상 부상조심하시고 홧팅하세요!

 올림

music
always (브이로그 music) by dj quads https://soundcloud.com/akaquads
music provided by audio library https://youtu.be/jiie1ezj4cs

dizzy by joakim karud https://soundcloud.com/joakimkarud
music provided by audio library https://youtu.be/xsexba2n6d0"
2017-11-27,"토요일 브이로그 & 데드리프트 합동 훈련
music"
2017-11-28," 마지막 유도대회, 2017년 22승 0패?!안녕하세요 입니다 ㅎㅎ
2017년 유도대회도 이렇게 잘 마무리하였습니다.
졸업 전에 단체전 우승할 수 있어서 너무 뿌듯하네요...!!!
항상 부상 조심하시고, 운동 화이팅 하시길 바라며...

 올림

music"
2017-11-28,"2017 서울컵,  하이라이트안녕하세요 입니다!
2017 서울컵, 유도대회 하이라이트를 편집해봤어요.
편안한 마음으로 시청 부탁드려요!
풀 영상은 바로 업로드 하겠습니다!

music"
2017-11-30,"일본어를 전공하는 소녀...안녕하세요 입니다.
이번에 일본어학을 전공하시는 다솔님이 찾아와주셨어요.
같이 운동을 했는데, 본 운동 영상 편집하기에 앞서
짧은 티져영상을 만들어봤습니다. 빠른 시일내에 본영상(함께 운동해서 티저 영상이 조금... 아쉽지만....) 업로드할게요! 
오늘도 감사해요

 올림
 puzzle (브이로그 no copyright music)
music provided by 브이로그 no copyright music.
video link: https://youtu.be/zftfqzub6yo"
2017-12-01,"일본어학과 소녀와의 운동안녕하세요 입니다 ㅎㅎ
제가 졌습니다.... 그렇습니다....
영상 편안한 마음으로 재밌게 봐주셨으면 좋겠어요!
좋아요 구독도 눌러주세요! ㅎㅎ 감사합니다

 올림
 downtown funk (브이로그 no copyright music)
music promoted by 브이로그 no copyright music.
video link: https://youtu.be/5ecwyyxlqdi"
2017-12-04,"가슴운동 대결...?│운동 브이로그안녕하세요 입니다.
가슴운동 대결을 해봤어요ㅎㅎ
편안한 마음으로 시청해주세요 :d

감사합니다

올림



music"
2017-12-06,"유도 그리고 데드리프트│운동브이로그안녕하세요 입니다!
유도와 데드리프트를 담은 영상이에요 ㅎㅎ
짐웬들러 스트렝스 훈련을 다시 시작했습니다!
편안한 마음으로 시청 부탁드려요!
올림
 link [ncs release]
music provided by nocopyrightsounds.
watch: https://youtu.be/9ihm6x6uuh8
download/stream: http://ncs.io/linkyo"
2017-12-08,"알찬 생일 보내는 방법│운동 브이로그안녕하세요 입니다.
12/5 생일이었네요! ㅎㅎ 
새로운 영상도 즐겁게 봐주시고, 
좋아요 구독! 눌러주세요! ㅎㅎ

 올림.
 painting greys (syence remix)
music provided by no copyright jamz.
watch: 
download/stream: http://ncs.io/matafaka

song: jean anns santiago - sad (브이로그 no copyright music)
music provided by 브이로그 no copyright music.
video link: https://youtu.be/z17yznm79lw

track: inukshuk - the long road home [ncs release]
music provided by nocopyrightsounds.
listen: https://youtu.be/athfrshdrag 
free download / stream: http://ncs.io/tlrhyo"
2017-12-10,"가장 평범했던  도쿄여행, 기치조지│ep06안녕하세요 입니다.
도쿄여행 에피소드 6편! 기치조지 편으로 찾아왔어요.
다음 영상은 마지막 7편이 될텐데, 빠른시일내에 편집해서 올릴게요! 
감사합니다. 편안한 마음으로 시청 부탁드려요

 올림

music"
2017-12-12,"가평 여행! 우선 벤치프레스부터│운동브이로그안녕하세요 입니다.
짐웬들러 1주차! 벤치프레스 세션이구요.
운동 마치고 오랜만에 친구들과 가평 여행을 갔다왔어요.
편안한 시청 부탁드려요!!

 올림
 home"
2017-12-15,"도쿄 우에노 공원에서 우설(소혓바닥)을 먹었다│도쿄 마지막 에피소드7편의 도쿄 시리즈가 드디어 끝났습니다,

다음부터는 조금 더 컴팩트하게... 담아볼게요 ㅎㅎㅎ

아직도 여행가면 카메라 조작이 미숙한 탓에... 필요없는 부분도 너무 많이 담아와서 편집할 때 시간이 오래걸리네요ㅜㅜ ㅋㅋ

이번에도 끝까지! 시청해주셔서 정말 감사드리고, 다음 운동 영상에서 또 봬요!!

 올림.
 anywhere (choco banana)
music provided by 브이로그 no copyright music.
video link: https://youtu.be/l_0yy2dqpp4

song: x50 - aurora (브이로그 no copyright music)
music promoted by 브이로그 no copyright music.
video link: https://youtu.be/_0e9s14kja8

song: ikson - remember (브이로그 no copyright music)
music promoted by 브이로그 no copyright music.
video link: https://youtu.be/-8tnchunmlw"
2017-12-17,"조금 더 창의적으로... 인바디 면접과 스쿼트 도전(175kg)안녕하세요 입니다.
언제나처럼 운동브이로그로 찾아왔네요 ㅎㅎ
데드리프트와 스쿼트를 함께 진행했고,
인바디 1차 면접을 본 뒤에, 유도로 마무리 했네요!
모두 부상 조심히 화이팅하세요!!

music"
2017-12-19,"초간단 가슴운동 루틴, 그리고 유도 │운동 브이로그시간이 없어서 아주 간단하게 벤치프레스를 해봤습니다!
그리고 일상을 함께 담아봤어요.
엠씨더 가 오랜만에 출연했으니 기대해주세요 ㅋㅋㅋㅋ

 올림

music"
2017-12-23,"#1 헬스장에서 훈수두는 사람 대처법안녕하세요 입니다!
영상 편집을 하던 중에 재미난 에피소드가 있어서
짧게 편집을 해봤어요 ㅎㅎ
편안한 마음으로 시청해주세요

 올림

music"
2017-12-24,"[브이로그] 3대 500kg 까지, 5kg(스쿼트 175kg 성공)안녕하세요 입니다
드디어 3대중량 500kg 까지 5kg가 남았네요.
아마 다음 로우바 스쿼트 180kg 가 성공하면 바로 500kg 클럽에 가입할 수 있을 것 같습니다 ㅎㅎ
벤치로 올리는게 가장 이상적이기는 한데.... 벤치는 정말 정말 안오르네요ㅜㅜ 
아무튼 오늘의 일상 영상과 유도 영상도 즐겨주시고
2017년 한해 마무리 잘 하시길 바랄게요!

 올림

music
chala head chala ost. dragon ball z (opening theme) piano by candid kibt
https://www.youtube.com/watch?v=27w8epvpxl8

dan dan kokoro hikareteku ost. dragon ball gt : candid kibt
https://www.youtube.com/watch?v= over you
• over easy
https://soundcloud.com/overeasyofficial
https://facebook.com/overeasyofficial
https://instagram.com/overeasyofficial
https://open.spotify.com/artist/3t9hp...

• rachel shaps
http://instagram.com/rachelshaps
https://open.spotify.com/artist/5uqdt..."
2017-12-27,"크리스마스 특집 브이로그, 솔로만 보세요(merry christmas)안녕하세요 입니다!
크리스마스 브이로그를 가져왔어요 ㅎㅎ
영상 편집에 재미난 요소를 많이 넣어봤으니, 
편하게 즐겨주시길 바랍니다! 

 올림.
 anywhere (choco banana)
music provided by 브이로그 no copyright music.
video link: https://youtu.be/l_0yy2dqpp4

song: dj quads - your christmas (브이로그 no copyright music)
music promoted by 브이로그 no copyright music.
video link: https://youtu.be/l1f9wzg7zdc

song: ehrling rated (브이로그 no copyright music)
music promoted by 브이로그 no copyright music.
video link: https://youtu.be/0ilxf6pdu-k"
2017-12-28,"최종면접, 그리고 데드리프트?(유도 브이로그)안녕하세요 입니다.

최종면접 마치고 왔어요.

결과는 다음주에 발표가 된다고 하네요.

직장인 브이로그 or 취준생 브이로그 사이에 놓여있습니다.

냉정한 현실 앞에서! 오늘도 긍정적으로 즐겁게!

모두 화이팅 해봐요

 올림

music"
2017-12-30,"일본어학과 소녀, 플랭크 재대결 과연!?!( 인바디 합격)안녕하세요 입니다!
일본어학과 소녀와의 플랭크 재대결!
기대해주세요 ㅎㅎ

music"
2017-12-30,"언더아머를 입기 위한 발악... 도전 성공?!│운동브이로그안녕하세요 입니다.

3대중량 500kg 달성을 위해 5kg가 남은 현재...
벤치프레스 기존 기록 115kg 를 깨고 120kg 에 도전해봤습니다.

과연 성공할 수 있을지..........

오늘도 즐겁게 시청 부탁드려요!

 올림

music"
2017-12-30,"[감사합니다] 광해, 왕이 된 남자 패러디(, 만이 된 남자)안녕하세요 입니다!

2018년도 지금처럼 꾸준히 열심히 업로드 하겠습니다.

항상 감사합니다.

 올림.

music"
2017-12-31,"말왕이 뒤에 있다! 3대 500kg를 향한 몸부림안녕하세요 입니다.

말왕님과의 합방 영상, 그리고 2017년의 마지막 영상!

드디어 올리게 되었네요.

즐거운 시청 부탁드리고, 좋아요 구독 댓글! 남겨주세요

 올림.

music"
2017-12-31," x 말왕 콜라보(teaser)안녕하세요 입니다!
말왕님과의 합방 무사히 마무리했고,
이제! 영상 편집 하고 있습니다. 그전에 짧게 티저를 만들어봤어요.

즐겁게 시청 부탁드립니다 ㅎㅎ

 올림

music
"
2018-01-01,"#2 언더아머 논란 종결, 직접 매장에 찾아가다!
music"
2018-01-03,"2018년의 시작, 운동 브이로그안녕하세요 입니다!
2018년의 시작 운동 브이로그와 함께 맞이하시죠! ㅎㅎ

 올림
 save me"
2018-01-05,"친구가 집에 놀러와서 함께 어깨 재활 운동을! 일상브이로그안녕하세요 입니다!
오늘은 운동 영상이라기보다는
평소 어깨를 강화시킬 수 있는 몇가지 동작들을
가져와봤어요 ㅎㅎ
평소에 미리미리 동작을 해준다면 강한 어깨 운동을 하기 위한
초석을 쌓을 수 있을 거라 생각됩니다.

항상 화이팅하세요!

 올림

music"
2018-01-06,"다시 돌아온 그녀, 세번째 이야기설킴님과의 영상.
 sign"
2018-01-07,"다시 돌아온 그녀(무편집본)안녕하세요 입니다.

오늘 영상은 저의 색다른 시도! bgm없이 그리고 편집 없이 컷 작업으로만 영상을 꾸려봤어요. 그래서 자막도 없구요!
조금 루즈하게 영상이 흘러갈지 모르지만, 그래도 즐겁게 봐주세요 ㅎㅎ

감사합니다.

 올림

music
no bgm"
2018-01-07,"10분 홈트! 칼로리를 태워보자! 10분 홈트 챌린지!(홈트레이닝 그리고 맨몸운동)

music"
2018-01-09,"스쿼트와 데드리프트하는 사람이라면 알아야 하는 꿀팁!
music"
2018-01-11,"대학생활 마지막 브이로그(끝의 시작)안녕하세요 입니다.

오늘도 저의 브이로그를 시청해주셔서 정말 감사드려요!!

모두 운동 부상 없이 화이팅하세요!!

 올림.

music"
2018-01-13,"100kg 이제는 몇개 가능할까???? 운동브이로그 restart
https://www.youtube.com/watch?v=3riyi...
pokki dj
https://facebook.com/pokkidjofficial"
2018-01-14,"뽀종님과의 합방, 그리고 축구 브이로그
music"
2018-01-17,
